user_id,age,occupation,gender
0,56,学生,男
1,46,学生,男
2,32,医生,男
3,60,设计师,女
4,25,自由职业者,女
5,38,设计师,男
6,56,公务员,男
7,36,公务员,女
8,40,工程师,女
9,28,其他,男
10,28,学生,男
11,41,工程师,男
12,53,商人,男
13,57,医生,女
14,41,医生,女
15,20,公务员,男
16,39,自由职业者,男
17,19,设计师,男
18,41,学生,女
19,61,工程师,男
20,47,设计师,男
21,55,工程师,男
22,19,其他,女
23,38,商人,男
24,50,商人,女
25,29,设计师,男
26,39,设计师,男
27,61,设计师,男
28,42,工程师,女
29,44,其他,男
30,59,教师,男
31,45,设计师,女
32,33,自由职业者,女
33,32,学生,女
34,64,学生,男
35,61,工程师,女
36,20,设计师,男
37,54,公务员,女
38,24,医生,女
39,38,教师,女
40,26,自由职业者,男
41,56,其他,男
42,35,公务员,男
43,21,商人,男
44,42,公务员,男
45,31,工程师,男
46,26,教师,男
47,43,作家,男
48,19,作家,男
49,37,设计师,女
50,45,设计师,女
51,64,工程师,男
52,24,其他,男
53,61,设计师,男
54,25,医生,男
55,64,教师,女
56,52,工程师,女
57,31,学生,男
58,34,商人,女
59,53,工程师,女
60,57,工程师,男
61,21,作家,男
62,19,自由职业者,男
63,23,其他,男
64,59,自由职业者,女
65,21,医生,男
66,46,学生,女
67,35,作家,男
68,43,学生,女
69,61,医生,男
70,51,自由职业者,男
71,27,工程师,女
72,53,设计师,女
73,31,设计师,女
74,48,公务员,男
75,32,商人,女
76,25,其他,女
77,31,医生,女
78,40,商人,女
79,57,其他,女
80,38,商人,女
81,33,自由职业者,女
82,62,其他,女
83,35,自由职业者,女
84,64,工程师,男
85,41,作家,男
86,43,自由职业者,女
87,42,设计师,男
88,62,商人,男
89,58,公务员,女
90,46,教师,女
91,32,其他,女
92,62,医生,女
93,18,公务员,女
94,42,设计师,女
95,24,自由职业者,男
96,26,作家,女
97,41,工程师,男
98,18,教师,女
99,61,学生,女
100,25,公务员,男
101,41,作家,女
102,28,学生,女
103,34,教师,男
104,25,医生,女
105,52,医生,男
106,52,商人,女
107,50,教师,女
108,22,教师,男
109,59,学生,女
110,56,作家,男
111,58,其他,男
112,45,学生,男
113,24,工程师,女
114,26,医生,女
115,25,医生,男
116,29,商人,女
117,51,工程师,女
118,50,医生,女
119,40,学生,男
120,41,工程师,女
121,54,学生,男
122,52,其他,女
123,61,其他,女
124,57,医生,男
125,39,医生,女
126,44,作家,男
127,52,其他,女
128,18,公务员,男
129,52,公务员,女
130,54,商人,女
131,64,其他,女
132,31,学生,男
133,20,学生,男
134,18,设计师,男
135,22,工程师,女
136,43,自由职业者,男
137,31,公务员,男
138,56,医生,男
139,44,商人,男
140,26,自由职业者,男
141,32,教师,男
142,32,商人,男
143,43,教师,男
144,59,其他,男
145,30,教师,男
146,49,教师,女
147,56,作家,女
148,49,作家,男
149,21,作家,女
150,47,其他,女
151,54,自由职业者,男
152,40,商人,男
153,56,商人,男
154,62,医生,女
155,32,作家,男
156,60,其他,女
157,46,医生,男
158,53,工程师,女
159,30,医生,女
160,49,自由职业者,男
161,24,公务员,男
162,39,教师,女
163,45,作家,女
164,19,公务员,男
165,59,医生,男
166,62,其他,女
167,23,教师,男
168,45,商人,女
169,45,学生,男
170,61,教师,男
171,61,自由职业者,男
172,37,自由职业者,女
173,47,医生,男
174,28,工程师,女
175,45,自由职业者,男
176,42,自由职业者,女
177,56,其他,女
178,50,医生,男
179,18,教师,女
180,44,工程师,女
181,30,公务员,女
182,58,学生,女
183,20,作家,男
184,56,商人,男
185,23,自由职业者,男
186,25,医生,女
187,44,作家,女
188,26,商人,男
189,54,商人,男
190,50,公务员,女
191,59,公务员,男
192,61,公务员,男
193,41,设计师,女
194,32,设计师,男
195,49,商人,女
196,49,公务员,男
197,41,其他,女
198,58,自由职业者,女
199,29,作家,女
200,56,作家,女
201,19,设计师,女
202,20,商人,男
203,54,医生,男
204,34,教师,男
205,19,教师,女
206,19,设计师,男
207,45,医生,女
208,40,设计师,女
209,54,教师,男
210,49,医生,女
211,50,公务员,男
212,18,商人,女
213,36,作家,女
214,19,其他,男
215,61,工程师,女
216,43,商人,男
217,49,公务员,女
218,23,教师,男
219,49,公务员,女
220,21,设计师,男
221,28,医生,男
222,34,作家,女
223,55,自由职业者,男
224,41,设计师,女
225,22,商人,女
226,51,设计师,男
227,23,商人,男
228,39,自由职业者,男
229,28,学生,男
230,33,作家,男
231,50,其他,女
232,26,其他,男
233,23,工程师,女
234,33,公务员,男
235,46,学生,男
236,20,其他,男
237,37,设计师,女
238,53,公务员,男
239,36,学生,女
240,43,医生,女
241,20,医生,女
242,36,公务员,男
243,37,商人,女
244,49,商人,男
245,24,设计师,女
246,58,学生,男
247,50,学生,女
248,57,公务员,男
249,56,教师,男
250,35,医生,男
251,57,学生,女
252,18,公务员,女
253,28,自由职业者,男
254,45,工程师,女
255,42,自由职业者,女
256,40,作家,女
257,48,设计师,女
258,47,学生,女
259,59,作家,女
260,52,其他,女
261,24,作家,男
262,33,公务员,男
263,43,学生,女
264,19,工程师,男
265,18,公务员,男
266,29,公务员,男
267,22,设计师,女
268,54,设计师,女
269,49,医生,女
270,26,医生,女
271,58,商人,女
272,52,教师,男
273,36,学生,女
274,33,学生,男
275,20,作家,女
276,37,学生,男
277,41,学生,女
278,50,教师,女
279,41,其他,女
280,28,医生,女
281,25,医生,女
282,53,工程师,女
283,55,学生,男
284,57,教师,女
285,37,医生,男
286,52,教师,女
287,42,自由职业者,男
288,52,其他,男
289,42,学生,男
290,46,工程师,男
291,35,作家,男
292,63,医生,男
293,35,自由职业者,女
294,19,教师,男
295,52,设计师,女
296,33,公务员,女
297,58,学生,男
298,53,学生,男
299,50,自由职业者,女
300,21,教师,男
301,50,商人,男
302,31,学生,男
303,38,商人,男
304,37,设计师,男
305,25,自由职业者,男
306,24,教师,男
307,20,教师,女
308,34,其他,男
309,50,公务员,女
310,29,医生,女
311,39,医生,女
312,39,作家,女
313,63,工程师,男
314,47,自由职业者,女
315,55,设计师,女
316,55,教师,女
317,62,公务员,女
318,25,商人,女
319,44,自由职业者,男
320,44,作家,男
321,51,自由职业者,女
322,38,作家,男
323,47,教师,男
324,50,工程师,女
325,45,作家,女
326,64,教师,女
327,50,教师,男
328,22,工程师,女
329,36,医生,男
330,21,自由职业者,男
331,52,学生,男
332,34,学生,女
333,61,商人,男
334,45,商人,女
335,47,学生,女
336,46,设计师,女
337,63,学生,女
338,23,商人,女
339,52,公务员,男
340,58,商人,男
341,54,设计师,男
342,41,自由职业者,男
343,46,学生,男
344,63,工程师,女
345,48,公务员,女
346,52,教师,男
347,50,设计师,男
896,38,商人,男
897,49,工程师,女
898,40,作家,女
899,50,医生,女
900,20,学生,男
901,35,医生,男
902,42,设计师,男
903,59,作家,男
904,48,作家,女
905,20,作家,男
906,57,教师,男
907,63,设计师,男
908,41,自由职业者,女
909,49,医生,女
910,64,自由职业者,男
911,39,工程师,女
912,40,其他,女
913,19,公务员,女
914,44,公务员,女
915,59,自由职业者,女
916,19,其他,男
917,43,其他,男
918,34,学生,男
919,57,工程师,女
920,50,设计师,女
921,26,其他,女
922,60,商人,女
923,56,公务员,男
924,46,商人,男
925,59,工程师,男
926,43,其他,男
927,52,医生,男
928,42,公务员,男
929,41,学生,女
930,30,学生,女
931,24,作家,男
932,53,教师,女
933,62,其他,男
934,37,工程师,男
935,18,公务员,女
936,25,教师,男
937,63,工程师,男
938,33,自由职业者,男
939,31,其他,女
940,29,设计师,女
941,40,设计师,女
942,32,其他,女
943,45,作家,男
944,51,作家,女
945,19,设计师,女
946,49,医生,女
947,40,公务员,男
948,39,设计师,女
949,42,医生,女
950,39,教师,男
951,39,医生,男
952,59,教师,男
953,23,工程师,男
954,32,商人,女
955,60,工程师,男
956,54,设计师,女
957,50,教师,女
958,25,设计师,女
959,61,其他,女
960,61,公务员,女
961,22,学生,男
962,56,设计师,女
963,21,公务员,女
964,23,医生,女
965,62,工程师,男
966,49,医生,女
967,47,学生,女
968,64,教师,男
969,52,其他,女
970,57,公务员,女
971,33,其他,男
972,30,商人,女
973,59,设计师,女
974,47,教师,女
975,36,商人,女
976,34,自由职业者,女
977,36,设计师,男
978,45,医生,男
979,43,工程师,男
980,54,公务员,女
981,43,学生,女
982,40,学生,女
983,26,医生,男
984,29,作家,女
985,18,学生,女
986,18,公务员,女
987,64,医生,男
988,51,教师,男
989,49,学生,女
990,42,其他,女
991,57,医生,女
992,62,公务员,男
993,18,其他,男
994,33,设计师,男
995,56,设计师,女
996,22,学生,男
997,39,其他,女
998,46,工程师,女
999,20,设计师,男
1000,29,工程师,女
1001,43,教师,男
1002,33,医生,女
1003,54,商人,女
1004,39,公务员,男
1005,46,医生,女
1006,31,公务员,女
1007,45,其他,女
1008,22,教师,女
1009,64,自由职业者,女
1010,47,学生,女
1011,63,公务员,女
1012,22,公务员,女
1013,29,其他,男
1014,33,工程师,男
1015,43,医生,女
1016,43,自由职业者,女
1017,38,作家,男
1018,56,学生,女
1019,53,商人,男
1020,50,作家,男
1021,47,医生,男
1022,54,学生,女
1023,40,公务员,女
1024,27,商人,女
1025,22,工程师,男
1026,53,自由职业者,男
1027,51,工程师,男
1028,48,教师,女
1029,27,其他,男
1030,36,学生,男
1031,49,工程师,女
1032,18,作家,男
1033,22,其他,男
1034,62,工程师,女
1035,21,设计师,女
1036,33,教师,男
1037,41,医生,女
1038,33,自由职业者,男
1039,19,教师,女
1040,45,其他,男
1041,49,设计师,女
1042,44,学生,男
1043,37,作家,女
1044,41,自由职业者,女
1045,29,自由职业者,女
1046,52,教师,女
1047,50,其他,女
1048,50,学生,女
1049,60,公务员,女
1050,54,设计师,男
1051,29,公务员,男
1052,20,作家,女
1053,18,学生,女
1054,50,学生,男
1055,57,设计师,男
1056,27,商人,女
1057,60,公务员,男
1058,61,工程师,男
1059,46,自由职业者,女
1060,30,商人,女
1061,29,工程师,女
1062,48,其他,男
1063,63,设计师,女
1064,19,其他,女
1065,52,自由职业者,男
1066,40,医生,女
1067,34,工程师,男
1068,43,商人,男
1069,25,工程师,男
1070,46,工程师,男
1071,43,设计师,男
1072,27,其他,男
1073,43,公务员,女
637,51,医生,女
1074,58,设计师,女
1075,24,作家,男
1076,21,设计师,女
1077,62,自由职业者,男
1078,28,医生,女
1079,46,学生,男
1080,53,作家,女
1081,42,教师,男
1082,38,设计师,女
1083,53,工程师,男
1084,27,公务员,女
1085,54,学生,男
1086,26,设计师,女
1087,41,设计师,女
1088,52,商人,女
1089,52,商人,男
1090,53,学生,男
1091,35,其他,男
1092,56,商人,男
1093,49,工程师,男
1094,41,作家,女
1095,40,教师,男
1096,49,医生,女
1097,54,教师,女
1098,29,教师,男
1099,30,医生,女
1100,40,商人,男
1101,42,学生,男
1102,52,医生,男
1103,58,自由职业者,女
1104,47,其他,男
1105,34,作家,男
1106,37,公务员,男
1107,42,商人,女
1108,39,其他,男
1109,30,医生,女
1110,36,自由职业者,女
1111,53,公务员,男
1112,29,作家,女
1113,58,作家,女
1114,36,商人,男
1115,29,医生,男
1116,26,其他,男
1117,24,学生,女
1118,45,其他,男
1119,31,其他,女
1120,48,作家,女
1121,36,学生,女
1122,64,学生,女
1123,33,商人,女
1124,22,公务员,男
1125,52,设计师,男
1126,29,教师,女
1127,42,教师,女
1128,38,作家,男
1129,53,设计师,男
1130,40,公务员,女
1131,33,设计师,女
1132,56,商人,男
629,62,其他,男
1133,59,作家,女
1134,56,学生,男
1135,31,作家,男
1136,48,教师,女
1137,22,公务员,女
1138,52,设计师,女
1139,40,公务员,男
1140,46,商人,女
1141,60,作家,男
1142,28,医生,女
353,35,作家,女
1143,64,学生,男
1144,29,作家,男
1145,26,自由职业者,女
1146,27,商人,女
1147,61,工程师,男
1148,34,商人,女
1149,55,设计师,男
1150,24,工程师,男
1151,63,设计师,女
1152,30,设计师,男
1153,57,学生,男
1154,59,学生,男
1155,26,其他,女
363,44,教师,男
1156,19,其他,女
1157,22,其他,女
366,46,教师,女
1158,54,医生,男
1159,55,工程师,男
1160,36,公务员,女
1161,25,其他,女
1162,62,作家,男
1163,18,作家,女
1164,39,设计师,女
1165,34,教师,男
1166,24,设计师,女
1167,42,自由职业者,男
1168,62,自由职业者,男
1169,21,公务员,女
1170,53,学生,男
1171,23,学生,男
1172,48,教师,男
1173,36,教师,女
1174,61,其他,女
1175,56,自由职业者,女
1176,44,其他,男
1177,27,学生,男
1178,43,工程师,女
1179,36,工程师,女
1180,56,教师,男
1181,20,设计师,女
1182,62,学生,女
1183,30,工程师,女
1184,45,学生,女
1185,37,商人,女
1186,45,作家,男
1187,25,自由职业者,女
1188,58,其他,女
1189,56,学生,男
1190,18,作家,男
1191,20,商人,男
1192,30,其他,男
1193,45,学生,女
1194,42,教师,女
1195,50,作家,女
1196,55,其他,女
1197,23,学生,男
1198,61,作家,男
1199,62,商人,女
1200,49,学生,女
1201,62,学生,女
1202,64,学生,女
606,38,公务员,男
1203,33,教师,女
1204,38,商人,男
1205,28,其他,男
1206,54,公务员,男
1207,53,设计师,男
1208,52,公务员,女
1209,36,自由职业者,女
1210,37,自由职业者,女
1211,35,学生,女
1212,64,公务员,男
1213,58,设计师,男
1214,31,公务员,男
1215,32,教师,女
1216,48,教师,男
1217,18,设计师,男
1218,20,公务员,男
1219,33,作家,男
1220,40,教师,女
1221,28,教师,男
1222,29,工程师,男
1223,27,公务员,女
1224,49,教师,女
1225,33,商人,女
348,25,公务员,男
1226,55,自由职业者,男
1227,29,工程师,男
1228,41,教师,男
1229,45,工程师,女
1230,25,自由职业者,男
1231,45,设计师,男
1232,53,设计师,女
1233,43,公务员,女
1234,25,自由职业者,女
1235,45,医生,男
1236,45,医生,男
1237,54,公务员,男
1238,58,学生,男
483,53,工程师,男
1239,44,工程师,女
1240,34,设计师,女
1241,26,医生,男
1242,50,其他,男
1243,37,教师,男
1244,30,教师,男
1245,45,教师,男
1246,46,设计师,女
1247,30,自由职业者,女
1248,63,作家,女
1249,52,医生,男
1250,23,医生,男
1251,35,其他,女
1252,22,工程师,女
1253,64,学生,男
1254,42,公务员,女
1255,19,工程师,女
1256,27,自由职业者,男
1257,47,公务员,女
1258,62,医生,女
1259,22,自由职业者,女
1260,50,公务员,男
1261,18,其他,女
1262,35,其他,女
1263,49,商人,女
1264,64,作家,男
1265,28,其他,男
1266,38,医生,女
1267,43,学生,男
1268,42,教师,女
1269,39,商人,男
1270,44,教师,男
1271,30,作家,女
1272,50,公务员,女
1273,51,设计师,女
1274,58,其他,男
1275,52,学生,女
1276,18,作家,男
1277,38,教师,男
1278,23,商人,女
1279,45,其他,男
1280,34,医生,女
1281,22,其他,男
1282,48,商人,女
526,22,商人,男
1283,55,设计师,男
1284,20,其他,女
1285,40,其他,男
1286,54,设计师,女
1287,54,自由职业者,男
484,27,自由职业者,男
1288,27,公务员,男
1289,36,自由职业者,女
1290,34,工程师,女
1291,38,其他,女
649,31,学生,女
1292,26,其他,女
1293,63,工程师,男
1294,18,工程师,男
1295,62,教师,女
1296,30,其他,男
1297,21,作家,男
1298,18,工程师,男
1299,57,学生,男
1300,49,设计师,女
1301,51,公务员,男
1302,45,教师,女
1303,48,设计师,女
1304,25,教师,男
1305,56,学生,女
1306,43,商人,男
1307,51,其他,男
1308,20,医生,男
1309,29,作家,女
1310,18,设计师,女
1311,61,其他,女
1312,22,作家,男
1313,47,商人,男
1314,47,医生,男
1315,34,作家,女
1316,64,作家,男
1317,40,设计师,男
1318,32,自由职业者,女
1319,54,医生,女
1320,38,其他,女
1321,31,商人,男
1322,19,医生,男
1323,28,学生,男
1324,56,自由职业者,女
1325,55,学生,女
1326,51,商人,女
1327,55,设计师,女
1328,51,设计师,男
1329,35,商人,男
1330,47,教师,男
1331,32,商人,男
1332,44,自由职业者,男
1333,51,工程师,男
1334,55,设计师,男
1335,50,公务员,男
1336,41,自由职业者,女
1337,32,自由职业者,女
1338,47,自由职业者,男
1339,59,作家,女
1340,34,自由职业者,男
1341,22,设计师,男
1342,46,工程师,女
1343,21,工程师,男
1344,27,自由职业者,男
1345,34,学生,男
1346,27,设计师,男
1347,34,设计师,男
1348,37,医生,男
1349,41,其他,男
1350,22,教师,女
1351,51,教师,女
1352,23,学生,男
1353,19,教师,女
1354,30,医生,男
1355,60,商人,男
1356,60,教师,男
1357,28,设计师,男
1358,64,商人,女
1359,40,教师,女
1360,33,设计师,女
1361,48,设计师,女
1362,28,自由职业者,男
1363,33,工程师,女
1364,25,学生,男
566,21,医生,男
1365,57,作家,女
1366,21,其他,男
1367,42,教师,女
1368,20,教师,女
1369,49,商人,女
1370,20,商人,女
1371,44,其他,女
1372,46,教师,男
1373,49,公务员,女
1374,36,医生,女
1375,38,教师,男
1376,22,工程师,女
1377,35,其他,女
1378,45,公务员,男
1379,59,医生,男
1380,39,教师,女
1381,38,作家,男
1382,23,自由职业者,女
1383,18,工程师,男
1384,22,作家,女
1385,58,商人,女
1386,29,商人,女
1387,43,教师,男
1388,63,商人,女
1389,51,工程师,男
1390,31,医生,女
1391,43,设计师,女
1392,62,学生,女
1393,44,其他,女
1394,26,医生,女
1395,43,设计师,男
1396,64,公务员,男
1397,39,工程师,男
1398,64,作家,女
1399,47,设计师,女
1400,60,工程师,男
1401,34,自由职业者,女
1402,43,作家,女
1403,53,商人,女
1404,18,商人,男
1405,25,作家,男
1406,52,公务员,男
1407,32,公务员,男
1408,64,公务员,男
1409,39,设计师,女
1410,31,其他,女
1411,43,设计师,女
1412,45,教师,女
1413,40,学生,男
1414,31,作家,男
1415,41,医生,女
1416,19,学生,男
1417,62,自由职业者,女
1418,43,设计师,女
1419,31,设计师,女
1420,24,工程师,女
1421,20,学生,男
1422,64,工程师,女
1423,40,医生,男
1424,63,工程师,女
1425,60,学生,女
1426,64,作家,女
1427,62,自由职业者,女
1428,35,设计师,男
1429,55,医生,女
1430,52,设计师,男
1431,32,教师,女
1432,42,自由职业者,女
1433,54,其他,女
1434,45,工程师,男
1435,27,商人,女
1436,56,学生,女
1437,34,设计师,女
1438,56,工程师,女
1439,39,医生,女
1440,43,设计师,男
1441,61,其他,男
1442,42,自由职业者,女
1443,34,自由职业者,女
1444,30,设计师,男
1445,37,医生,女
1446,42,自由职业者,男
1447,21,自由职业者,女
1448,27,其他,女
1449,20,学生,男
1450,58,医生,女
1451,62,医生,男
1452,35,作家,男
1453,64,作家,男
1454,53,自由职业者,女
1455,64,商人,男
1456,39,作家,男
1457,51,自由职业者,女
1458,64,公务员,女
1459,25,教师,女
1460,57,教师,女
1461,61,医生,女
1462,36,商人,女
1463,59,其他,男
1464,58,学生,女
1465,54,作家,男
1466,23,公务员,女
1467,43,自由职业者,男
1468,51,商人,男
1469,62,医生,女
1470,23,作家,女
1471,54,商人,男
1472,50,作家,女
1473,39,学生,女
1474,38,学生,男
1475,23,其他,男
1476,23,教师,男
1477,21,工程师,女
1478,47,工程师,女
1479,28,作家,女
1480,47,其他,女
428,48,工程师,男
1481,41,医生,女
1482,26,工程师,男
1483,20,设计师,女
1484,48,自由职业者,女
1485,57,其他,男
1486,54,医生,女
1487,53,商人,女
1488,41,医生,男
1489,48,教师,女
1490,23,商人,男
1491,19,公务员,男
1492,37,自由职业者,男
1493,45,自由职业者,男
1494,28,自由职业者,女
1495,21,自由职业者,女
1496,32,作家,女
1497,23,自由职业者,男
1498,47,自由职业者,女
1499,55,自由职业者,女
1500,19,其他,女
1501,32,作家,女
1502,28,学生,男
1503,25,医生,男
1504,43,医生,女
1505,62,商人,男
1506,61,其他,女
1507,22,设计师,女
1508,23,医生,女
1509,43,工程师,男
1510,21,设计师,女
1511,36,自由职业者,男
1512,37,自由职业者,男
1513,50,作家,女
1514,37,设计师,男
1515,29,工程师,男
1516,64,作家,女
1517,18,商人,男
596,43,设计师,男
1518,31,其他,女
1519,55,自由职业者,女
1520,54,自由职业者,男
1521,28,教师,女
1522,53,作家,女
1523,30,学生,男
1524,60,学生,男
1525,20,作家,女
1526,50,其他,男
1527,23,公务员,女
1528,27,作家,女
1529,22,其他,男
1530,40,商人,男
1531,27,自由职业者,女
1532,61,工程师,女
1533,19,公务员,女
1534,30,设计师,女
1535,57,公务员,男
1536,19,工程师,女
1537,37,教师,男
1538,18,自由职业者,男
1539,54,学生,女
1540,26,其他,男
1541,34,作家,男
641,26,作家,女
1542,28,学生,男
1543,32,公务员,男
1544,41,自由职业者,女
1545,55,医生,女
1546,52,其他,女
1547,47,商人,女
1548,48,工程师,女
1549,22,公务员,女
1550,61,设计师,女
1551,31,教师,男
1552,28,作家,男
1553,26,公务员,女
1554,51,教师,男
1555,29,工程师,男
1556,52,作家,女
1557,52,作家,男
1558,18,医生,女
1559,57,公务员,男
1560,39,自由职业者,女
1561,46,学生,男
1562,25,学生,男
1563,28,商人,男
651,58,设计师,女
1564,54,教师,男
1565,31,公务员,男
1566,47,其他,女
389,52,设计师,女
1567,38,医生,男
1568,54,作家,男
1569,22,自由职业者,男
1570,36,公务员,男
1571,31,设计师,女
1572,43,设计师,男
1573,21,自由职业者,男
1574,42,商人,女
1575,62,教师,男
1576,59,教师,男
1577,42,设计师,男
1578,35,工程师,女
1579,57,设计师,女
1580,25,设计师,男
1581,56,自由职业者,男
1582,57,作家,女
1583,31,自由职业者,男
1584,49,公务员,男
1585,55,设计师,女
1586,50,教师,女
1587,40,其他,女
1588,32,教师,男
1589,50,学生,男
1590,42,商人,男
1591,34,医生,男
1592,50,公务员,女
1593,64,公务员,男
1594,19,商人,男
1595,31,其他,女
1596,57,医生,女
1597,57,作家,男
1598,56,设计师,女
1599,23,医生,女
1600,23,其他,男
1601,20,工程师,男
1602,24,学生,男
538,25,医生,男
1603,59,医生,女
1604,32,学生,女
1605,64,设计师,男
1606,46,医生,男
1607,50,学生,女
1608,47,学生,男
1609,56,学生,男
1610,44,自由职业者,男
1611,53,其他,男
1612,46,自由职业者,女
1613,55,工程师,男
1614,50,作家,女
1615,54,自由职业者,男
1616,44,自由职业者,男
1617,50,其他,女
1618,21,作家,男
1619,39,商人,女
1620,19,学生,男
1621,27,公务员,男
1622,22,作家,男
1623,27,工程师,男
1624,50,设计师,男
1625,55,工程师,女
1626,30,学生,女
1627,48,作家,男
1628,64,工程师,男
1629,53,工程师,女
1630,62,商人,女
1631,41,商人,男
1632,32,作家,男
1633,46,学生,女
1634,25,自由职业者,男
1635,22,教师,女
1636,46,医生,男
1637,64,公务员,女
1638,21,医生,女
1639,29,其他,男
1640,62,商人,女
1641,19,作家,男
1642,44,医生,男
1643,48,学生,男
1644,53,公务员,男
601,53,医生,女
1645,43,公务员,男
1646,60,设计师,男
1647,44,学生,男
1648,22,教师,男
1649,37,工程师,女
1650,28,公务员,男
1651,27,学生,女
1652,57,公务员,女
1653,55,公务员,女
1654,23,自由职业者,男
1655,25,自由职业者,男
1656,40,学生,男
1657,64,自由职业者,男
1658,43,其他,女
1659,63,教师,女
1660,60,作家,男
1661,29,学生,男
580,43,学生,男
1662,30,其他,男
1663,57,商人,男
1664,35,商人,男
1665,42,自由职业者,男
1666,50,作家,女
1667,64,自由职业者,女
1668,57,设计师,女
376,60,设计师,女
1669,29,工程师,男
1670,61,设计师,男
1671,53,商人,男
1672,21,教师,男
1673,22,设计师,男
1674,54,自由职业者,女
1675,25,公务员,男
1676,59,学生,女
1677,45,教师,男
1678,48,教师,女
1679,26,自由职业者,男
1680,46,学生,女
1681,31,商人,男
1682,57,教师,男
1683,58,工程师,男
1684,39,自由职业者,男
1685,28,教师,女
1686,40,作家,男
1687,18,学生,女
1688,63,设计师,男
1689,54,教师,女
1690,38,自由职业者,男
1691,43,设计师,男
1692,63,工程师,女
1693,53,设计师,男
1694,40,作家,男
1695,18,商人,女
1696,57,教师,男
1697,32,医生,女
1698,38,医生,男
1699,64,设计师,女
1700,26,其他,女
1701,26,学生,女
1702,27,医生,女
1703,43,其他,男
1704,58,医生,男
1705,52,其他,女
1706,42,学生,男
1707,43,公务员,男
1708,28,医生,男
1709,55,作家,女
1710,19,教师,男
1711,24,其他,男
1712,35,教师,女
1713,44,自由职业者,男
1714,51,自由职业者,女
1715,44,学生,女
1716,34,其他,女
1717,60,工程师,男
1718,61,自由职业者,男
1719,41,学生,女
1720,42,自由职业者,女
1721,24,自由职业者,女
1722,23,工程师,女
1723,41,医生,女
1724,50,设计师,女
1725,46,公务员,男
1726,60,自由职业者,女
1727,39,自由职业者,女
420,43,作家,女
1728,45,公务员,男
1729,38,工程师,男
1730,24,教师,男
1731,34,其他,男
1732,37,自由职业者,女
1733,58,设计师,男
1734,37,其他,女
1735,39,公务员,女
1736,45,其他,女
1737,57,医生,女
475,24,自由职业者,女
1738,18,其他,女
1739,49,教师,男
1740,30,教师,男
1741,47,自由职业者,男
1742,40,商人,男
1743,36,教师,男
1744,49,其他,女
1745,47,学生,男
1746,46,教师,男
1747,62,公务员,男
1748,46,商人,女
1749,47,其他,女
1750,33,工程师,女
1751,57,作家,男
1752,36,工程师,男
1753,35,医生,男
1754,18,作家,男
1755,31,医生,男
1756,64,作家,女
1757,19,作家,男
1758,45,学生,女
1759,47,设计师,男
1760,55,公务员,女
1761,21,工程师,女
1762,18,教师,女
1763,25,其他,女
1764,46,商人,男
1765,56,公务员,男
1766,20,医生,男
1767,49,学生,女
414,27,医生,男
1768,27,设计师,男
1769,36,商人,男
1770,63,学生,男
1771,51,医生,女
1772,50,设计师,女
1773,40,其他,男
1774,45,其他,男
1775,49,医生,男
1776,24,公务员,女
1777,46,商人,女
1778,25,自由职业者,女
1779,18,公务员,男
1780,20,其他,女
1781,41,商人,女
1782,40,设计师,女
1783,25,学生,女
1784,64,作家,女
1785,54,医生,男
1786,20,工程师,男
1787,50,商人,男
1788,45,教师,男
1789,64,设计师,女
1790,25,自由职业者,男
1791,51,作家,男
1792,52,教师,男
1793,49,自由职业者,女
1794,41,工程师,男
1795,31,其他,女
1796,49,公务员,女
1797,63,医生,女
1798,60,学生,男
1799,33,自由职业者,女
1800,21,作家,男
1801,54,商人,男
1802,38,其他,男
1803,31,商人,女
1804,48,作家,女
1805,35,商人,男
1806,24,自由职业者,女
1807,27,设计师,女
1808,24,商人,女
1809,50,公务员,男
1810,40,工程师,女
1811,38,学生,女
1812,36,自由职业者,男
1813,36,教师,女
1814,53,作家,男
1815,46,其他,女
1816,35,自由职业者,女
1817,19,设计师,女
1818,18,其他,女
1819,64,公务员,女
1820,22,作家,女
1821,37,其他,男
1822,28,商人,女
1823,59,自由职业者,女
1824,19,工程师,女
1825,20,作家,男
1826,40,医生,男
1827,29,公务员,男
1828,37,学生,女
1829,22,作家,女
1830,54,设计师,男
1831,55,自由职业者,男
1832,47,商人,男
1833,26,学生,女
1834,51,学生,男
1835,61,公务员,女
1836,52,其他,女
1837,39,设计师,女
1838,61,其他,男
1839,41,商人,女
1840,34,学生,男
1841,27,设计师,男
1842,47,设计师,男
1843,63,教师,男
1844,40,自由职业者,女
1845,49,学生,女
517,34,学生,女
1846,34,设计师,女
1847,31,其他,男
1848,26,学生,男
1849,57,设计师,男
1850,19,学生,男
1851,62,设计师,女
1852,42,教师,男
1853,56,自由职业者,女
1854,26,设计师,男
1855,39,学生,男
1856,60,商人,男
1857,63,自由职业者,男
1858,21,教师,女
1859,43,设计师,女
1860,46,商人,女
1861,62,设计师,女
1862,51,其他,男
1863,40,学生,男
1864,54,作家,女
1865,28,公务员,女
1866,23,工程师,男
1867,35,其他,男
1868,38,商人,女
1869,59,其他,女
1870,53,医生,女
1871,58,设计师,男
1872,55,设计师,女
1873,51,工程师,女
1874,34,工程师,女
1875,54,医生,女
1876,42,学生,女
1877,55,公务员,男
1878,29,作家,女
1879,40,作家,男
1880,59,教师,女
1881,39,教师,女
1882,38,学生,女
1883,44,教师,男
1884,48,教师,男
1885,23,医生,男
1886,44,医生,女
1887,57,教师,女
1888,51,其他,男
1889,29,自由职业者,男
1890,62,自由职业者,女
1891,24,学生,男
1892,27,作家,女
1893,62,工程师,男
1894,34,学生,男
1895,43,教师,男
1896,38,医生,女
1897,45,设计师,女
563,63,其他,男
1898,19,商人,女
1899,60,医生,女
1900,18,自由职业者,女
1901,53,医生,女
1902,43,其他,男
1903,46,工程师,女
1904,38,教师,女
1905,28,设计师,男
1906,57,自由职业者,女
1907,28,自由职业者,女
1908,53,公务员,女
1909,56,作家,男
1910,57,工程师,男
1911,52,自由职业者,女
2661,51,作家,女
2662,64,自由职业者,男
2663,41,教师,男
2664,39,作家,男
2665,22,其他,女
2666,50,公务员,女
2667,53,教师,男
2668,64,其他,女
2669,37,设计师,女
2670,36,工程师,女
2671,52,工程师,女
2672,60,商人,女
2673,34,商人,女
2674,62,作家,女
2675,60,工程师,男
2676,51,作家,男
2677,26,商人,男
2678,43,设计师,男
2679,19,自由职业者,男
2680,26,其他,男
2681,26,医生,男
2682,57,作家,男
2683,34,设计师,男
2684,18,其他,女
2685,42,工程师,女
2686,60,自由职业者,男
2687,57,其他,女
2688,59,公务员,女
2689,42,商人,男
2690,56,其他,男
2691,52,医生,男
2692,20,设计师,女
2693,54,自由职业者,女
2694,61,教师,男
2695,61,其他,女
2696,47,学生,女
2697,55,医生,女
2698,51,医生,男
2699,29,学生,女
2700,36,公务员,女
2701,54,教师,女
2702,61,商人,女
2703,34,设计师,女
2704,27,自由职业者,女
2705,64,设计师,女
2706,29,教师,男
2707,33,设计师,男
2708,41,学生,女
2709,36,医生,男
2710,25,设计师,女
2711,48,作家,女
2712,38,其他,女
2713,34,教师,男
2714,40,公务员,女
2715,54,作家,女
2716,33,学生,男
2717,23,工程师,男
2718,25,学生,女
2719,42,公务员,男
2720,35,公务员,男
2721,42,作家,女
2722,29,其他,女
2723,32,教师,女
2724,43,商人,男
2725,58,医生,男
2726,62,作家,男
2727,43,公务员,女
2728,64,工程师,男
2729,49,自由职业者,男
2730,27,公务员,女
2731,33,其他,女
2732,24,其他,女
2733,34,公务员,男
2734,40,其他,女
2735,43,作家,男
2736,38,公务员,男
2737,39,公务员,女
2738,24,教师,女
2739,31,医生,女
2740,32,工程师,女
2741,24,其他,女
2742,26,教师,男
2743,25,商人,男
2744,40,商人,男
2745,46,设计师,女
2746,35,作家,男
2747,48,作家,女
2748,47,学生,女
2749,56,工程师,男
2750,52,公务员,男
2751,35,其他,女
2752,59,工程师,男
2753,56,设计师,女
2754,34,学生,男
2755,31,教师,男
2756,48,工程师,男
2757,41,教师,男
2758,52,商人,男
2759,61,其他,女
2760,62,设计师,男
2761,51,公务员,男
2762,20,其他,男
2763,54,医生,女
2764,60,作家,女
2765,57,设计师,女
2766,43,工程师,女
2767,40,其他,女
2768,61,自由职业者,男
2769,56,作家,男
2770,32,作家,男
2771,21,自由职业者,女
2772,46,学生,女
2773,39,学生,男
2774,42,自由职业者,女
2775,30,医生,女
2776,35,商人,女
2777,50,自由职业者,男
2778,33,商人,男
2779,62,其他,女
2780,59,医生,女
2781,61,设计师,女
2782,19,商人,女
2783,52,作家,男
2784,59,其他,女
2785,51,作家,男
2786,47,医生,男
2787,30,商人,男
2788,30,教师,女
2789,35,医生,男
2790,49,医生,男
2791,49,教师,女
2792,52,其他,女
2793,56,商人,女
2794,63,商人,男
2795,46,作家,女
2796,46,医生,男
2797,61,医生,男
2798,33,公务员,女
2799,61,设计师,男
2800,64,医生,男
2801,27,工程师,男
2802,47,设计师,男
2803,42,工程师,女
2804,56,商人,男
2805,37,设计师,女
2806,22,医生,男
2807,18,教师,男
2808,47,作家,女
2809,20,工程师,男
2810,62,设计师,男
2811,31,医生,男
2812,47,设计师,男
2813,21,医生,男
2814,35,医生,男
2815,54,医生,女
2816,42,公务员,女
2817,18,作家,女
2818,63,教师,男
2819,32,教师,男
2820,26,设计师,男
2821,32,设计师,女
2822,41,医生,男
2823,21,公务员,女
2824,29,医生,男
2825,54,公务员,男
2826,54,医生,男
2827,60,工程师,女
2828,23,工程师,男
2829,56,商人,女
2830,63,医生,男
2831,41,作家,男
2832,28,商人,女
2833,30,设计师,男
2834,51,其他,男
2835,42,医生,男
2836,24,工程师,男
2837,21,其他,女
2838,25,公务员,女
2839,37,其他,男
2840,46,作家,男
2841,62,医生,女
2842,63,教师,男
2843,27,其他,女
2844,60,教师,男
2845,51,公务员,女
2846,43,商人,女
2847,58,教师,女
2848,20,商人,女
2849,23,工程师,男
2850,22,医生,男
2851,22,其他,女
2852,64,工程师,女
2853,40,工程师,女
2854,26,自由职业者,女
2855,52,学生,男
2856,37,作家,女
2857,59,商人,女
2858,52,自由职业者,女
2859,35,学生,女
2860,34,作家,女
2861,41,商人,女
2862,20,医生,女
2863,49,作家,男
2864,52,其他,女
2865,55,工程师,女
2866,30,学生,女
2867,64,学生,男
2868,42,学生,男
2869,26,商人,男
2870,21,其他,女
2871,31,作家,女
2872,54,工程师,女
2873,51,其他,男
2874,28,自由职业者,女
2875,58,医生,男
2876,20,教师,男
2877,45,其他,男
2878,46,自由职业者,男
2879,26,工程师,男
2880,20,教师,女
2881,42,教师,女
2882,51,其他,男
2883,29,学生,女
2884,59,设计师,女
2885,26,工程师,男
2886,32,学生,男
2887,57,工程师,女
2888,42,设计师,女
2889,22,医生,女
2890,28,设计师,女
2891,51,公务员,男
2892,41,其他,女
2893,32,其他,男
2894,55,自由职业者,男
2895,25,学生,女
2896,22,自由职业者,女
2897,43,公务员,女
2898,35,设计师,男
2899,23,其他,男
2900,54,商人,男
2901,30,设计师,男
860,45,设计师,女
2902,22,公务员,男
2903,30,医生,男
2904,34,工程师,女
2905,57,公务员,男
2906,62,工程师,男
2907,49,其他,女
2908,46,公务员,男
2909,20,工程师,男
2910,57,自由职业者,男
2911,51,公务员,男
2912,57,其他,女
2913,44,公务员,男
2914,30,其他,女
2915,62,公务员,男
2916,50,工程师,女
2917,23,医生,女
2918,41,作家,女
2919,36,工程师,男
2920,33,学生,男
2921,57,教师,男
2922,45,医生,女
2923,50,自由职业者,男
2924,58,设计师,男
2925,30,工程师,男
2926,60,公务员,男
2927,62,工程师,女
2928,42,商人,女
2929,59,医生,男
2930,53,作家,男
2931,44,自由职业者,男
2932,55,商人,女
2933,24,其他,男
2934,22,商人,女
2935,60,工程师,女
2936,62,自由职业者,男
2937,48,工程师,男
2938,40,其他,男
2939,59,设计师,女
2940,27,自由职业者,女
2941,49,设计师,男
2942,60,医生,女
2943,47,医生,男
2944,56,设计师,男
2945,48,医生,女
2946,35,自由职业者,女
2947,53,公务员,女
2948,19,学生,女
2949,31,医生,男
2950,30,医生,男
2951,46,工程师,男
2952,29,设计师,女
2953,56,教师,男
2954,19,作家,女
2955,49,商人,女
2956,30,医生,女
2957,63,商人,男
2958,44,自由职业者,女
2959,58,教师,女
2960,34,作家,女
2961,57,设计师,女
2962,48,学生,女
2963,51,作家,女
2964,41,作家,女
2965,62,学生,女
2966,52,公务员,女
2967,23,设计师,女
2968,36,工程师,女
2969,47,商人,女
2970,24,医生,男
2971,27,作家,男
2972,58,自由职业者,女
2973,49,学生,女
2974,51,商人,女
2975,45,教师,男
2976,32,学生,男
2977,47,教师,男
2978,54,设计师,女
2979,46,作家,女
2980,39,自由职业者,女
2981,21,医生,女
2982,37,教师,男
2983,49,商人,女
2984,53,公务员,男
2985,21,设计师,男
2986,44,公务员,女
2987,34,设计师,男
2988,29,工程师,男
2989,39,商人,男
2990,34,公务员,男
2991,27,自由职业者,女
2992,18,作家,女
2993,39,学生,男
2994,43,医生,女
2995,35,作家,男
2996,31,作家,女
2997,64,设计师,女
2998,46,自由职业者,女
2999,29,设计师,女
3000,53,其他,女
3001,52,教师,男
3002,29,医生,女
3003,24,教师,男
3004,46,学生,男
3005,28,其他,女
3006,50,商人,男
3007,23,学生,女
3008,64,学生,男
3009,32,工程师,男
3010,49,医生,女
3011,28,设计师,女
3012,40,自由职业者,女
3013,43,教师,女
3014,51,学生,男
3015,63,教师,女
3016,51,教师,男
3017,46,商人,男
3018,21,医生,男
3019,34,医生,男
3020,52,公务员,男
3021,30,作家,男
3022,58,医生,女
3023,56,教师,男
3024,32,设计师,男
3025,46,教师,男
3026,46,设计师,女
3027,28,公务员,女
3028,49,设计师,男
3029,19,医生,女
3030,64,商人,男
3031,31,设计师,女
3032,37,教师,男
3033,39,自由职业者,女
3034,28,医生,女
3035,44,自由职业者,女
3036,20,其他,男
3037,34,其他,男
3038,61,教师,男
3039,45,其他,女
3040,46,作家,女
3041,38,公务员,男
3042,64,医生,女
3043,33,自由职业者,男
3044,54,教师,男
3045,37,作家,男
3046,23,教师,男
3047,36,作家,女
3048,22,其他,女
3049,20,其他,女
3050,18,设计师,男
3051,55,工程师,女
3052,32,教师,男
3053,51,设计师,男
3054,52,医生,男
3055,42,设计师,男
3056,41,学生,男
3057,29,其他,男
3058,35,学生,女
3059,32,教师,女
3060,61,自由职业者,女
3061,33,自由职业者,女
3062,44,医生,男
3063,25,设计师,男
3064,63,自由职业者,女
3065,42,作家,女
3066,34,作家,女
3067,46,医生,女
3068,25,公务员,女
3069,32,其他,女
3070,44,设计师,女
3071,63,教师,女
3072,24,商人,男
3073,20,商人,男
3074,46,商人,男
3075,61,自由职业者,男
3076,41,公务员,女
3077,20,公务员,男
3078,37,设计师,女
3079,63,设计师,男
3080,32,公务员,女
3081,42,医生,女
3082,47,设计师,男
3083,31,医生,男
3084,24,学生,女
3085,34,作家,女
3086,61,其他,女
3087,37,设计师,男
3088,53,公务员,男
3089,26,作家,女
3090,55,作家,男
3091,39,工程师,女
3092,19,公务员,男
3093,41,其他,男
3094,25,公务员,男
3095,28,设计师,男
3096,30,教师,男
3097,34,学生,女
3098,25,医生,女
3099,38,教师,男
3100,35,学生,女
3101,47,教师,女
3102,35,医生,男
3103,63,自由职业者,女
3104,64,公务员,男
3105,48,教师,女
3106,55,设计师,女
3107,49,其他,女
3108,28,商人,女
3109,62,设计师,女
3110,42,医生,女
3111,50,其他,女
3112,55,设计师,男
3113,58,作家,男
3114,25,公务员,男
3115,28,其他,男
3116,39,作家,女
3117,41,设计师,女
3118,58,学生,女
3119,34,工程师,男
3120,29,学生,男
3121,63,公务员,男
3122,49,其他,女
3123,32,其他,男
3124,33,公务员,女
3125,39,作家,男
3126,45,工程师,女
3127,37,设计师,男
3128,50,医生,女
3129,27,学生,男
3130,57,学生,男
3131,49,商人,女
3132,50,工程师,女
3133,19,医生,男
3134,50,学生,女
3135,50,医生,男
3136,58,设计师,女
3137,30,其他,男
3138,47,医生,女
3139,50,学生,男
3140,30,作家,男
3141,43,工程师,男
3142,39,公务员,女
3143,56,教师,男
3144,19,自由职业者,女
3145,55,自由职业者,女
3146,56,教师,女
3147,43,医生,男
3148,63,工程师,女
3149,32,医生,女
3150,51,公务员,女
3151,59,工程师,男
3152,61,教师,女
3153,57,医生,女
3154,28,商人,女
3155,20,学生,女
3156,23,作家,男
3157,26,其他,男
3158,23,作家,女
3159,26,公务员,女
3160,56,医生,女
3161,48,设计师,女
3162,49,工程师,男
3163,58,医生,男
3164,29,工程师,男
3165,25,其他,男
3166,25,商人,女
3167,45,作家,女
3168,37,学生,男
3169,64,其他,男
3170,24,其他,女
3171,28,作家,女
3172,37,其他,女
3173,33,设计师,女
3174,21,设计师,女
3175,23,自由职业者,男
3176,39,自由职业者,男
3177,43,设计师,女
3178,20,教师,女
3179,58,商人,男
3180,59,工程师,女
3181,31,商人,男
3182,28,公务员,男
3183,35,其他,男
3184,29,学生,男
3185,40,其他,女
3186,29,商人,女
3187,30,设计师,男
3188,42,作家,女
3189,62,公务员,女
3190,36,设计师,女
3191,63,商人,女
3192,53,作家,男
3193,62,学生,女
3194,25,商人,男
3195,46,工程师,男
3196,49,医生,女
3197,61,作家,男
3198,35,商人,女
3199,23,设计师,女
3200,35,工程师,男
3201,36,教师,女
3202,39,作家,男
3203,54,工程师,男
3204,49,设计师,女
3205,58,商人,女
3206,20,其他,女
3207,45,学生,男
3208,27,其他,女
3209,52,医生,男
3210,46,工程师,男
3211,32,医生,女
3212,50,学生,女
3213,24,工程师,女
3214,29,自由职业者,男
3215,47,设计师,女
3216,38,工程师,男
3217,48,设计师,女
3218,41,其他,女
3219,37,公务员,男
3220,54,作家,男
3221,21,公务员,女
3222,45,商人,女
3223,61,作家,女
3224,37,作家,女
3225,41,教师,女
3226,49,作家,男
3227,58,学生,男
3228,53,公务员,男
3229,51,其他,男
3230,53,设计师,女
3231,19,商人,男
3232,32,作家,男
3233,51,商人,男
3234,53,其他,女
3235,23,商人,男
3236,56,其他,女
3237,59,作家,男
3238,29,其他,女
3239,20,作家,男
3240,62,教师,女
3241,35,教师,男
3242,57,其他,女
3243,38,教师,女
3244,32,设计师,男
3245,50,设计师,女
3246,52,教师,女
3247,43,教师,男
3248,25,自由职业者,男
3249,53,自由职业者,女
3250,47,作家,男
3251,40,其他,男
3252,59,医生,男
3253,61,医生,女
3254,31,教师,女
3255,31,商人,女
3256,19,教师,女
3257,54,自由职业者,女
3258,22,作家,女
3259,55,教师,女
3260,62,公务员,男
3261,58,商人,女
3262,64,公务员,女
3263,31,作家,男
3264,56,作家,男
3265,42,设计师,男
3266,37,工程师,女
3267,19,公务员,男
3268,56,设计师,女
3269,23,自由职业者,女
3270,34,学生,女
3271,42,商人,男
3272,45,学生,男
3273,19,其他,女
3274,52,自由职业者,女
3275,54,自由职业者,女
3276,22,学生,男
3277,18,公务员,女
3278,57,工程师,男
3279,29,公务员,女
3280,53,学生,男
3281,62,其他,女
3282,40,公务员,男
3283,64,医生,男
3284,48,公务员,男
3285,28,作家,男
3286,27,设计师,男
3287,20,商人,男
3288,31,公务员,女
3289,33,工程师,女
3290,27,工程师,女
3291,46,公务员,女
3292,27,教师,男
3293,29,自由职业者,女
3294,47,公务员,男
3295,58,自由职业者,男
3296,18,医生,男
3297,22,学生,女
3298,37,医生,男
3299,25,公务员,女
3300,60,工程师,女
3301,29,教师,女
3302,18,其他,女
3303,37,自由职业者,女
3304,45,设计师,男
3305,60,自由职业者,男
3306,54,作家,女
3307,64,商人,男
3308,54,公务员,女
3309,29,医生,男
3310,54,设计师,男
3311,61,工程师,男
3312,45,工程师,男
3313,64,工程师,男
3314,32,其他,男
3315,23,作家,男
3316,61,工程师,男
3317,37,工程师,男
3318,31,公务员,男
3319,19,作家,男
3320,26,教师,男
3321,54,教师,男
3322,37,作家,女
3323,43,商人,男
3324,46,其他,男
3325,18,设计师,男
3326,52,自由职业者,男
3327,23,公务员,男
3328,54,学生,男
3329,22,教师,女
3330,50,作家,女
3331,31,设计师,女
3332,29,作家,男
3333,59,自由职业者,男
3334,37,设计师,男
3335,41,教师,女
3336,60,工程师,男
3337,51,作家,男
3338,42,学生,女
3339,46,教师,女
3340,56,医生,男
3341,48,学生,男
3342,64,商人,男
3343,60,其他,男
3344,40,教师,女
3345,61,工程师,男
3346,55,教师,男
3347,37,自由职业者,女
3348,40,设计师,男
3349,62,作家,男
3350,33,设计师,女
3351,59,设计师,女
3352,25,教师,男
3353,38,自由职业者,女
3354,18,作家,女
3355,25,作家,男
3356,46,设计师,女
3357,49,商人,男
3358,55,其他,男
3359,22,自由职业者,男
3360,64,商人,男
3361,39,公务员,女
3362,64,公务员,男
3363,51,学生,男
3364,18,设计师,男
3365,43,作家,男
3366,60,教师,女
3367,27,作家,女
3368,47,作家,女
3369,35,工程师,男
3370,34,作家,女
3371,43,学生,女
3372,25,商人,男
3373,64,公务员,女
3374,57,作家,男
3375,29,作家,女
3376,44,工程师,女
3377,25,自由职业者,女
3378,42,教师,女
3379,63,自由职业者,男
3380,21,教师,男
3381,50,其他,女
3382,18,作家,男
3383,36,工程师,女
3384,48,医生,女
3385,33,设计师,女
3386,31,公务员,女
3387,22,商人,女
3388,58,公务员,女
3389,43,商人,男
3390,45,其他,男
3391,19,自由职业者,女
3392,23,学生,男
3393,26,作家,女
3394,50,医生,男
3395,58,商人,男
3396,42,设计师,男
3397,30,商人,女
3398,26,学生,男
3399,30,公务员,女
3400,48,工程师,女
3401,58,公务员,女
3402,28,其他,男
3403,21,工程师,男
3404,51,公务员,男
3405,55,设计师,女
3406,63,公务员,女
3407,21,设计师,男
3408,55,设计师,女
3409,36,工程师,男
3410,23,自由职业者,男
3411,51,教师,男
3412,35,作家,男
3413,30,商人,女
3414,58,教师,男
3415,40,学生,男
3416,36,自由职业者,男
3417,62,教师,男
3418,28,工程师,男
3419,18,学生,男
3420,41,医生,男
3421,24,自由职业者,女
3422,42,教师,女
3423,38,学生,女
3424,32,医生,女
3425,18,公务员,男
3426,29,学生,女
3427,24,工程师,女
3428,32,公务员,女
3429,38,工程师,男
3430,36,教师,女
3431,46,作家,女
3432,42,教师,男
3433,50,公务员,女
3434,49,设计师,男
3435,52,教师,女
3436,61,公务员,男
1912,55,学生,女
1913,43,其他,女
1914,28,教师,女
1915,52,学生,男
1916,25,工程师,女
1917,63,自由职业者,男
1918,31,作家,男
1919,27,工程师,男
1920,19,工程师,男
1921,63,公务员,女
1922,26,设计师,女
1923,20,商人,女
1924,38,其他,男
1925,43,设计师,女
1926,25,公务员,男
1927,19,作家,男
1928,23,其他,男
1929,45,其他,女
1930,46,公务员,女
1931,43,医生,男
1932,42,工程师,女
1933,29,自由职业者,女
1934,22,医生,男
1935,51,公务员,男
1936,54,医生,女
1937,32,自由职业者,男
1938,61,公务员,男
1939,53,公务员,女
1940,32,其他,女
1941,60,医生,男
1942,40,学生,女
1943,23,教师,男
1944,63,公务员,男
1945,61,医生,女
1946,60,商人,男
1947,62,作家,男
1948,38,商人,男
1949,40,医生,女
1950,60,工程师,女
1951,33,工程师,女
1952,64,医生,男
1953,32,其他,男
1954,42,其他,女
1955,53,公务员,女
1956,28,自由职业者,女
1957,32,教师,男
1958,21,公务员,女
1959,38,商人,男
1960,30,教师,女
1961,39,商人,男
1962,36,其他,男
1963,51,医生,女
1964,31,自由职业者,男
1965,21,商人,女
1966,63,其他,男
1967,44,自由职业者,男
1968,46,公务员,女
1969,64,医生,男
1970,45,作家,女
1971,52,工程师,女
1972,25,设计师,女
1973,33,自由职业者,男
1974,59,作家,男
1975,53,作家,男
1976,47,自由职业者,女
1977,35,作家,女
1978,19,商人,男
1979,30,作家,男
1980,21,其他,女
1981,43,教师,男
1982,42,商人,女
1983,47,作家,男
1984,28,公务员,女
1985,24,工程师,男
1986,48,医生,男
1987,61,作家,女
1988,27,学生,女
1989,56,工程师,女
1990,30,公务员,男
1991,48,其他,女
1992,24,作家,女
1993,59,其他,男
1994,59,作家,女
1995,53,设计师,女
1996,37,教师,女
1997,21,其他,男
1998,24,教师,男
1999,18,工程师,男
2000,61,设计师,女
2001,62,医生,男
2002,59,商人,女
2003,64,教师,女
2004,30,设计师,女
2005,39,教师,男
2006,38,自由职业者,男
2007,39,公务员,女
2008,45,医生,女
2009,26,公务员,男
2010,43,作家,男
2011,26,教师,男
2012,32,作家,女
2013,27,学生,男
2014,41,教师,男
2015,59,设计师,男
2016,25,医生,女
2017,41,作家,男
2018,33,教师,女
2019,43,学生,女
2020,44,公务员,女
2021,54,设计师,男
2022,21,自由职业者,男
2023,41,教师,男
2024,36,自由职业者,女
2025,53,工程师,男
2026,56,医生,女
2027,27,教师,男
2028,42,其他,男
2029,35,学生,男
2030,36,作家,男
2031,53,其他,女
2032,27,工程师,女
2033,50,医生,女
2034,22,公务员,女
2035,64,设计师,男
2036,52,自由职业者,女
2037,61,工程师,女
2038,51,作家,女
2039,50,设计师,男
2040,38,公务员,女
2041,34,作家,女
2042,39,学生,男
2043,54,自由职业者,男
2044,32,其他,女
2045,52,教师,女
2046,45,工程师,男
2047,24,教师,女
2048,49,设计师,男
2049,28,教师,女
2050,27,其他,女
2051,26,商人,女
2052,31,设计师,女
2053,30,自由职业者,女
2054,42,作家,男
2055,19,自由职业者,男
2056,52,教师,女
2057,24,医生,女
2058,38,设计师,女
2059,35,作家,男
2060,20,公务员,男
2061,59,学生,男
2062,56,自由职业者,男
2063,58,自由职业者,男
2064,28,设计师,男
2065,56,医生,男
2066,41,教师,男
2067,63,教师,女
2068,36,设计师,男
2069,21,自由职业者,男
2070,43,作家,男
2071,55,学生,男
2072,59,设计师,女
2073,49,作家,男
2074,56,作家,女
2075,62,公务员,女
2076,63,其他,女
2077,53,商人,男
2078,57,学生,男
2079,54,工程师,男
2080,50,医生,女
2081,53,商人,女
2082,20,公务员,女
2083,26,学生,女
2084,25,教师,男
2085,50,商人,男
2086,23,教师,男
2087,58,医生,女
2088,56,教师,女
2089,21,医生,男
2090,30,学生,男
2091,19,自由职业者,女
2092,22,医生,男
2093,61,作家,男
2094,44,工程师,女
2095,49,工程师,女
2096,38,设计师,女
2097,25,工程师,男
2098,55,设计师,女
2099,25,工程师,男
2100,20,医生,男
2101,61,作家,女
2102,20,自由职业者,男
2103,39,教师,女
2104,23,公务员,女
2105,19,工程师,男
2106,40,自由职业者,男
2107,61,自由职业者,女
2108,19,医生,女
2109,55,学生,女
2110,34,学生,女
2111,52,工程师,女
2112,51,公务员,女
2113,40,工程师,男
2114,47,工程师,男
2115,25,设计师,男
2116,39,作家,男
2117,61,作家,女
2118,53,公务员,男
2119,22,设计师,男
2120,30,自由职业者,女
2121,46,设计师,男
2122,48,工程师,女
2123,64,学生,女
2124,33,商人,女
2125,59,公务员,女
2126,47,自由职业者,女
2127,33,医生,男
2128,29,商人,男
2129,34,商人,男
2130,33,设计师,女
2131,29,教师,男
2132,25,商人,男
2133,37,工程师,男
2134,20,其他,男
2135,33,学生,女
2136,47,学生,男
2137,62,其他,女
2138,40,作家,女
2139,45,工程师,男
2140,57,医生,女
2141,22,商人,女
2142,37,作家,女
2143,57,工程师,女
2144,61,设计师,女
2145,18,学生,女
2146,47,作家,女
2147,38,公务员,男
2148,37,商人,男
2149,23,商人,女
2150,39,医生,女
2151,35,教师,男
2152,25,公务员,男
2153,56,商人,男
2154,49,自由职业者,男
2155,50,公务员,女
2156,33,商人,女
2157,29,其他,男
2158,55,公务员,男
2159,51,工程师,男
2160,31,公务员,男
2161,53,医生,女
2162,50,设计师,男
2163,40,设计师,男
2164,62,设计师,男
2165,19,工程师,女
2166,58,作家,女
2167,38,设计师,女
2168,19,学生,男
2169,44,工程师,男
2170,26,作家,男
2171,18,学生,女
2172,28,学生,女
2173,20,学生,男
2174,40,自由职业者,男
2175,43,医生,女
2176,21,医生,男
2177,35,工程师,男
2178,23,学生,男
2179,52,其他,女
2180,39,公务员,男
2181,60,作家,男
2182,32,医生,男
2183,39,设计师,男
2184,54,工程师,女
2185,59,作家,女
2186,29,工程师,女
2187,64,其他,男
2188,59,自由职业者,女
2189,55,自由职业者,男
2190,35,学生,女
2191,62,自由职业者,男
2192,52,工程师,女
2193,47,设计师,女
2194,41,学生,女
2195,59,商人,男
2196,47,作家,男
2197,31,其他,男
2198,23,学生,女
2199,20,工程师,男
2200,33,作家,男
2201,24,设计师,男
2202,31,教师,男
2203,26,其他,男
2204,32,工程师,男
2205,38,其他,女
2206,52,医生,女
2207,19,教师,男
2208,44,作家,女
2209,19,自由职业者,女
2210,52,工程师,男
2211,35,其他,男
2212,31,作家,女
2213,37,自由职业者,男
2214,35,设计师,女
2215,27,设计师,女
2216,42,其他,女
2217,19,学生,男
2218,42,医生,女
2219,50,学生,男
2220,53,医生,男
2221,48,工程师,男
2222,31,商人,男
2223,18,其他,男
2224,63,公务员,女
2225,33,其他,男
2226,63,教师,男
2227,20,自由职业者,男
2228,52,教师,男
2229,58,设计师,男
2230,23,医生,女
2231,42,自由职业者,男
2232,30,设计师,男
2233,51,自由职业者,女
2234,25,学生,男
2235,38,设计师,女
2236,51,学生,女
2237,21,学生,女
2238,42,自由职业者,女
2239,32,作家,男
2240,21,教师,男
2241,62,设计师,女
2242,29,公务员,女
2243,49,作家,男
2244,49,教师,女
2245,45,设计师,女
2246,30,医生,女
2247,48,教师,男
2248,31,公务员,女
2249,37,其他,男
2250,35,工程师,男
2251,46,学生,男
2252,23,工程师,女
2253,49,作家,女
2254,46,其他,男
2255,60,学生,男
2256,19,设计师,男
2257,40,作家,女
2258,36,公务员,女
2259,48,自由职业者,男
2260,22,设计师,男
2261,36,教师,女
2262,51,自由职业者,男
2263,27,作家,女
2264,42,教师,女
2265,19,公务员,男
2266,28,工程师,男
2267,48,教师,女
2268,32,工程师,女
2269,26,学生,女
2270,40,医生,女
2271,36,商人,女
2272,26,设计师,男
2273,52,商人,女
2274,38,学生,女
2275,26,教师,女
2276,45,学生,男
2277,63,商人,男
2278,24,商人,女
2279,33,设计师,女
2280,33,自由职业者,男
2281,50,其他,男
2282,21,学生,男
2283,21,医生,男
2284,56,其他,女
2285,57,学生,男
2286,34,公务员,女
2287,54,作家,女
2288,56,作家,男
2289,46,商人,男
2290,53,作家,男
2291,55,工程师,男
2292,56,医生,女
2293,54,作家,女
2294,52,教师,女
2295,24,工程师,男
2296,44,其他,女
2297,45,工程师,男
2298,39,学生,女
2299,31,商人,男
2300,24,设计师,女
2301,54,设计师,女
2302,39,公务员,男
2303,22,医生,女
2304,19,学生,女
2305,44,设计师,男
2306,38,商人,男
2307,55,其他,男
2308,32,设计师,男
2309,38,教师,男
2310,27,工程师,女
2311,40,设计师,男
2312,56,学生,女
2313,22,作家,女
2314,18,作家,男
2315,30,其他,女
2316,38,作家,女
2317,43,其他,男
2318,62,学生,女
2319,38,医生,男
2320,35,作家,男
2321,54,公务员,男
2322,62,商人,女
2323,49,工程师,女
2324,53,作家,女
2325,34,其他,女
2326,52,学生,男
2327,28,作家,女
2328,38,设计师,男
2329,43,作家,女
2330,21,其他,女
2331,51,教师,女
2332,35,教师,女
2333,57,作家,女
2334,52,工程师,男
2335,58,学生,女
2336,46,公务员,女
2337,46,公务员,女
2338,55,作家,女
2339,59,作家,男
2340,38,教师,女
2341,59,其他,男
2342,30,工程师,女
2343,58,作家,男
2344,34,公务员,男
2345,26,学生,男
2346,58,医生,男
2347,18,设计师,男
2348,19,作家,女
2349,46,其他,男
2350,50,作家,女
2351,27,其他,男
2352,57,工程师,男
2353,38,医生,女
2354,45,商人,男
2355,28,学生,男
2356,51,学生,男
2357,25,其他,男
2358,39,教师,女
2359,25,其他,男
2360,32,教师,男
2361,34,自由职业者,女
2362,40,公务员,女
2363,41,学生,男
2364,62,工程师,男
2365,36,其他,女
2366,22,工程师,男
2367,49,医生,女
2368,61,工程师,男
2369,18,作家,女
2370,40,公务员,女
2371,54,作家,女
2372,25,设计师,男
2373,30,其他,男
2374,25,学生,男
2375,40,其他,男
2376,60,公务员,女
2377,18,商人,女
2378,62,商人,女
2379,41,设计师,男
2380,52,公务员,男
2381,41,自由职业者,男
2382,34,自由职业者,女
2383,22,自由职业者,男
2384,37,学生,男
2385,38,学生,女
2386,57,自由职业者,女
2387,48,商人,男
2388,63,公务员,女
2389,53,工程师,男
2390,28,公务员,女
2391,32,自由职业者,女
2392,36,公务员,女
2393,24,医生,男
2394,45,学生,男
2395,60,学生,男
2396,22,商人,女
2397,22,工程师,女
2398,47,自由职业者,女
2399,49,其他,女
2400,25,商人,男
2401,27,商人,男
2402,55,工程师,男
2403,64,作家,女
2404,49,自由职业者,女
2405,45,其他,男
2406,34,学生,女
2407,48,工程师,男
2408,25,其他,女
2409,57,医生,女
2410,42,商人,男
2411,26,工程师,男
2412,19,学生,女
2413,32,公务员,男
2414,20,学生,男
2415,53,医生,女
2416,21,工程师,女
2417,31,医生,女
2418,58,自由职业者,男
2419,58,自由职业者,女
2420,42,公务员,女
2421,27,商人,女
2422,38,作家,女
2423,53,教师,女
2424,29,其他,男
2425,44,医生,女
2426,57,其他,女
2427,19,公务员,男
2428,30,其他,女
2429,49,其他,女
2430,48,学生,男
2431,33,工程师,女
2432,49,商人,男
2433,49,教师,女
2434,51,工程师,男
2435,28,学生,男
2436,27,其他,女
2437,32,教师,男
2438,34,学生,男
2439,57,学生,女
2440,35,学生,女
2441,26,自由职业者,男
2442,42,教师,女
2443,57,学生,男
2444,31,作家,男
2445,42,其他,女
2446,39,教师,女
2447,47,自由职业者,男
2448,37,医生,女
2449,38,医生,女
2450,61,商人,男
2451,49,设计师,男
2452,63,作家,男
2453,38,医生,男
2454,52,自由职业者,男
2455,49,设计师,男
2456,47,学生,女
2457,56,学生,男
2458,29,公务员,女
2459,58,其他,女
2460,64,设计师,男
2461,35,其他,女
2462,38,自由职业者,男
2463,30,作家,女
2464,38,设计师,男
2465,25,医生,男
2466,63,作家,男
2467,57,公务员,男
2468,63,其他,女
2469,24,其他,女
2470,40,作家,女
2471,61,学生,女
2472,49,其他,女
2473,28,公务员,男
2474,39,医生,男
2475,39,教师,男
2476,60,医生,男
2477,42,医生,男
2478,39,其他,女
2479,45,工程师,男
2480,46,学生,男
2481,30,其他,女
2482,35,学生,女
2483,19,自由职业者,男
2484,46,工程师,男
2485,38,其他,女
2486,32,商人,男
2487,44,医生,男
2488,48,自由职业者,男
2489,32,工程师,女
2490,40,其他,男
2491,41,公务员,男
2492,61,作家,女
2493,30,作家,女
2494,39,学生,女
2495,60,工程师,男
2496,54,医生,女
2497,50,医生,男
2498,20,教师,女
2499,36,作家,男
2500,40,自由职业者,女
2501,46,工程师,男
2502,47,医生,男
2503,56,教师,女
2504,61,工程师,女
2505,64,设计师,男
2506,42,医生,女
2507,54,设计师,男
2508,64,工程师,女
2509,25,医生,女
2510,59,设计师,男
2511,33,商人,女
2512,25,教师,女
2513,18,自由职业者,男
2514,61,作家,男
2515,22,教师,女
2516,20,设计师,男
2517,18,医生,女
2518,21,商人,女
2519,57,商人,男
2520,52,作家,男
2521,49,商人,男
2522,59,教师,男
2523,51,其他,男
2524,60,商人,男
2525,42,作家,女
2526,27,商人,女
2527,38,商人,男
2528,63,公务员,女
2529,56,教师,女
2530,44,设计师,女
2531,44,学生,女
2532,19,其他,男
2533,58,商人,女
2534,30,自由职业者,女
2535,26,商人,男
2536,53,公务员,男
2537,39,设计师,男
2538,59,自由职业者,男
2539,43,其他,女
2540,29,自由职业者,男
2541,34,教师,女
2542,31,作家,女
2543,31,作家,男
2544,51,其他,男
2545,37,设计师,男
2546,28,作家,男
2547,33,工程师,男
2548,48,公务员,男
2549,23,其他,女
2550,36,其他,女
2551,54,学生,女
2552,21,学生,女
2553,64,教师,男
2554,21,教师,男
2555,37,学生,女
2556,27,作家,女
2557,41,医生,女
2558,52,其他,男
2559,43,工程师,男
2560,54,其他,男
2561,55,商人,女
2562,38,设计师,女
2563,57,公务员,男
2564,56,医生,男
2565,38,工程师,女
2566,27,商人,女
2567,55,教师,男
2568,63,工程师,女
2569,21,学生,男
2570,62,其他,男
2571,37,工程师,女
2572,34,设计师,女
2573,24,自由职业者,女
2574,21,教师,男
2575,46,公务员,女
2576,31,公务员,女
2577,20,工程师,男
2578,41,自由职业者,男
2579,54,其他,女
2580,33,商人,男
2581,21,医生,男
2582,41,其他,男
2583,51,商人,女
2584,47,医生,女
2585,35,自由职业者,男
2586,36,医生,男
2587,48,其他,男
2588,36,设计师,女
2589,63,工程师,男
2590,36,商人,男
2591,39,设计师,女
2592,41,商人,男
2593,62,工程师,女
2594,29,作家,女
2595,47,医生,女
2596,55,自由职业者,男
2597,48,作家,男
2598,53,作家,女
2599,36,公务员,男
2600,62,学生,女
2601,53,其他,男
2602,47,设计师,女
2603,50,设计师,女
2604,35,设计师,男
2605,45,设计师,男
2606,64,其他,男
2607,28,作家,男
2608,62,其他,女
2609,50,设计师,女
2610,34,学生,男
2611,23,教师,男
2612,21,工程师,女
2613,37,设计师,男
2614,64,自由职业者,男
2615,44,教师,男
2616,32,其他,男
2617,23,自由职业者,女
2618,64,自由职业者,女
2619,31,商人,男
2620,28,自由职业者,女
2621,56,设计师,男
2622,26,商人,男
2623,43,公务员,男
2624,33,作家,女
2625,22,自由职业者,女
2626,27,学生,女
2627,20,工程师,女
2628,30,自由职业者,女
2629,60,公务员,男
2630,47,医生,男
2631,62,其他,女
2632,23,其他,女
2633,34,公务员,女
2634,62,医生,男
2635,36,其他,女
2636,59,其他,男
2637,52,其他,男
2638,63,公务员,女
2639,43,作家,男
2640,22,工程师,男
2641,46,公务员,女
2642,54,医生,男
2643,37,自由职业者,女
2644,38,作家,男
2645,27,作家,女
2646,22,自由职业者,女
2647,53,学生,男
2648,23,商人,女
2649,43,工程师,男
2650,21,工程师,男
2651,56,学生,女
2652,56,商人,男
2653,52,工程师,女
2654,18,医生,男
2655,41,教师,男
2656,53,教师,女
2657,23,工程师,男
2658,58,设计师,男
2659,63,工程师,男
2660,61,自由职业者,男
3437,48,自由职业者,男
3438,37,商人,男
3439,41,其他,男
3440,42,作家,男
3441,53,医生,女
3442,38,学生,男
3443,47,工程师,男
3444,41,其他,女
3445,61,其他,女
3446,59,医生,女
3447,47,学生,男
3448,39,自由职业者,女
3449,45,公务员,女
3450,24,医生,男
3451,52,其他,男
3452,45,教师,女
3453,31,工程师,女
3454,27,商人,男
3455,33,教师,男
3456,33,其他,男
3457,48,作家,男
3458,59,设计师,男
3459,42,学生,女
3460,30,自由职业者,男
3461,23,工程师,男
3462,61,商人,男
3463,26,公务员,男
3464,62,自由职业者,男
3465,53,工程师,女
3466,60,公务员,男
3467,37,商人,女
3468,35,其他,男
3469,60,设计师,女
3470,38,教师,女
3471,21,教师,男
3472,50,其他,男
3473,44,自由职业者,男
3474,24,其他,男
3475,23,其他,男
3476,32,工程师,女
3477,35,工程师,男
3478,49,商人,男
3479,28,设计师,女
3480,37,工程师,男
3481,41,商人,女
3482,32,作家,男
3483,24,其他,女
3484,38,其他,男
3485,59,自由职业者,女
3486,43,作家,女
3487,61,自由职业者,男
3488,31,公务员,男
3489,54,商人,男
3490,38,商人,女
3491,35,其他,女
3492,22,医生,女
3493,20,公务员,男
3494,40,商人,男
698,43,工程师,女
3495,54,其他,男
3496,41,自由职业者,女
3497,36,作家,男
3498,42,自由职业者,男
3499,38,教师,女
3500,29,医生,男
3501,58,商人,男
3502,50,设计师,男
3503,21,学生,男
3504,59,医生,男
3505,24,其他,女
3506,39,商人,男
3507,50,作家,女
3508,34,商人,男
3509,41,学生,男
3510,51,作家,女
3511,45,自由职业者,女
3512,60,作家,男
3513,58,医生,男
3514,56,自由职业者,女
3515,39,商人,女
3516,34,其他,女
3517,51,公务员,女
3518,23,其他,男
3519,63,商人,男
3520,23,学生,男
3521,51,公务员,男
3522,18,商人,男
3523,27,设计师,女
3524,38,医生,女
3525,22,设计师,女
3526,19,自由职业者,男
3527,39,教师,女
3528,19,商人,男
3529,27,工程师,男
3530,51,工程师,男
3531,33,作家,女
3532,56,其他,男
3533,39,其他,男
3534,29,其他,女
3535,41,设计师,男
3536,64,医生,女
3537,57,商人,男
3538,55,学生,女
857,27,作家,男
3539,52,自由职业者,男
3540,49,公务员,女
3541,24,自由职业者,男
3542,38,商人,女
3543,37,教师,男
3544,43,其他,女
3545,21,公务员,男
3546,63,设计师,男
3547,39,商人,男
3548,32,教师,女
3549,57,设计师,女
3550,38,教师,女
3551,32,其他,女
3552,39,设计师,女
3553,45,医生,男
3554,31,工程师,男
3555,44,自由职业者,男
3556,58,医生,男
3557,57,公务员,男
3558,45,作家,女
3559,43,工程师,男
3560,19,医生,女
3561,42,商人,男
3562,20,教师,女
3563,25,公务员,女
3564,61,商人,女
3565,50,工程师,男
3566,59,教师,男
3567,52,公务员,男
3568,23,作家,男
3569,56,工程师,女
567,40,公务员,女
3570,42,医生,女
3571,60,公务员,女
3572,36,工程师,男
3573,22,其他,女
3574,28,医生,男
3575,29,商人,女
3576,27,工程师,女
3577,25,其他,女
3578,41,学生,男
3579,45,作家,男
3580,58,其他,女
3581,53,学生,女
3582,54,自由职业者,女
3583,38,教师,男
3584,25,其他,男
3585,26,设计师,男
3586,64,作家,女
3587,32,其他,男
3588,63,学生,女
3589,57,设计师,男
3590,35,作家,女
3591,59,设计师,女
3592,37,医生,男
3593,23,学生,女
3594,29,公务员,女
3595,19,医生,女
3596,24,作家,男
3597,33,作家,女
3598,20,工程师,男
3599,62,学生,男
3600,20,自由职业者,女
3601,44,自由职业者,男
3602,60,作家,女
3603,57,自由职业者,男
3604,55,教师,女
3605,50,工程师,男
3606,45,作家,女
3607,18,自由职业者,女
3608,25,学生,女
3609,54,其他,女
3610,49,公务员,男
3611,60,医生,男
3612,54,医生,女
3613,21,教师,男
3614,47,设计师,女
3615,23,学生,女
3616,63,设计师,男
3617,36,工程师,男
3618,49,公务员,女
3619,26,工程师,男
3620,29,作家,女
3621,28,学生,男
3622,63,作家,男
3623,33,商人,男
3624,18,自由职业者,男
3625,62,医生,男
3626,38,其他,女
3627,47,作家,男
3628,30,设计师,男
3629,51,商人,女
3630,21,医生,女
3631,45,作家,女
3632,55,商人,男
3633,48,商人,男
3634,44,学生,女
3635,22,工程师,女
3636,42,商人,女
3637,20,教师,女
3638,50,工程师,男
3639,21,医生,男
3640,42,医生,男
3641,37,医生,男
3642,51,医生,男
3643,43,教师,女
3644,22,作家,男
3645,52,公务员,女
3646,45,商人,女
3647,46,医生,女
3648,26,工程师,男
3649,55,工程师,女
3650,23,商人,男
3651,36,作家,女
3652,61,其他,男
3653,28,其他,女
3654,19,公务员,男
3655,64,作家,女
3656,61,商人,女
3657,61,其他,女
3658,26,其他,女
3659,38,其他,男
3660,41,设计师,男
3661,51,教师,男
862,39,商人,女
3662,20,自由职业者,女
3663,29,学生,女
3664,45,学生,女
3665,47,作家,女
3666,43,商人,女
3667,38,商人,男
3668,45,学生,男
3669,43,公务员,男
3670,50,学生,男
3671,38,商人,男
3672,52,其他,男
3673,51,公务员,男
3674,58,医生,男
3675,64,自由职业者,女
3676,35,设计师,女
3677,28,教师,女
3678,40,医生,女
3679,39,工程师,女
3680,34,学生,女
3681,22,自由职业者,女
3682,61,学生,男
3683,28,学生,男
3684,47,医生,女
3685,32,其他,男
3686,44,其他,男
3687,52,设计师,男
3688,50,公务员,男
3689,37,学生,男
3690,33,作家,女
3691,51,其他,男
3692,19,商人,女
3693,52,自由职业者,女
3694,57,作家,女
3695,45,医生,男
3696,64,医生,女
3697,56,设计师,女
3698,23,设计师,女
3699,26,公务员,女
3700,37,商人,男
3701,18,自由职业者,女
3702,25,商人,女
3703,40,工程师,女
3704,20,设计师,女
3705,21,公务员,男
3706,42,教师,女
3707,64,学生,女
3708,55,学生,女
3709,32,教师,女
3710,38,其他,女
3711,52,商人,女
3712,63,教师,男
3713,31,公务员,女
3714,53,自由职业者,男
3715,29,教师,男
3716,34,公务员,女
3717,56,设计师,男
3718,26,作家,女
3719,52,医生,男
3720,30,医生,女
3721,32,工程师,男
3722,35,商人,男
3723,50,自由职业者,女
3724,23,作家,男
3725,44,作家,男
3726,40,设计师,男
3727,44,教师,男
3728,51,商人,男
3729,63,学生,女
3730,55,作家,男
3731,31,公务员,男
3732,53,学生,女
3733,25,工程师,女
3734,52,教师,女
3735,36,教师,男
3736,47,自由职业者,男
3737,31,作家,男
3738,37,设计师,男
3739,42,其他,女
3740,57,其他,女
3741,41,医生,男
3742,31,公务员,男
3743,43,学生,男
3744,55,工程师,男
3745,40,医生,女
3746,39,教师,女
3747,36,学生,男
3748,63,商人,女
3749,20,作家,男
3750,59,工程师,男
3751,36,商人,女
3752,26,设计师,男
3753,45,作家,女
3754,37,学生,男
3755,62,作家,女
3756,24,医生,男
3757,31,自由职业者,女
3758,26,医生,男
3759,36,设计师,男
3760,64,公务员,女
3761,31,商人,男
3762,55,医生,女
3763,53,自由职业者,女
3764,57,公务员,男
3765,34,医生,男
3766,47,教师,男
3767,26,自由职业者,男
3768,50,商人,女
3769,42,工程师,男
3770,31,其他,男
3771,28,公务员,男
3772,52,教师,女
3773,58,工程师,男
3774,31,学生,女
3775,47,自由职业者,男
3776,58,教师,女
3777,21,作家,男
3778,21,学生,男
3779,45,学生,女
3780,25,公务员,男
3781,19,自由职业者,男
3782,58,教师,男
3783,63,设计师,女
3784,39,教师,男
3785,58,医生,女
3786,33,学生,女
3787,46,商人,女
3788,47,学生,男
3789,29,学生,女
3790,52,其他,女
3791,28,作家,男
3792,63,设计师,女
3793,38,工程师,女
3794,38,工程师,男
3795,22,作家,男
3796,37,学生,女
3797,54,工程师,男
3798,20,自由职业者,男
3799,61,设计师,男
3800,50,工程师,女
3801,26,作家,女
3802,26,医生,男
3803,21,工程师,女
3804,52,设计师,男
3805,34,公务员,男
3806,51,公务员,男
3807,41,自由职业者,男
3808,49,教师,男
3809,18,教师,女
3810,25,工程师,女
3811,62,商人,女
3812,40,医生,女
3813,64,作家,男
3814,57,医生,男
3815,29,公务员,女
3816,29,工程师,女
3817,63,设计师,男
3818,64,作家,男
3819,32,医生,男
3820,58,设计师,女
3821,36,作家,男
3822,43,医生,男
3823,46,自由职业者,女
3824,39,公务员,女
3825,57,学生,女
3826,38,作家,男
3827,55,公务员,男
3828,37,其他,女
3829,46,商人,男
3830,21,工程师,男
3831,24,其他,男
3832,45,设计师,女
3833,45,作家,女
3834,21,工程师,男
3835,39,工程师,男
3836,29,其他,男
3837,62,其他,男
3838,20,学生,女
3839,39,医生,女
3840,61,作家,男
3841,19,公务员,男
3842,41,教师,女
3843,51,作家,男
3844,44,作家,女
3845,58,作家,男
3846,18,工程师,女
3847,25,设计师,男
3848,40,工程师,男
3849,55,设计师,女
3850,23,其他,女
3851,39,教师,男
3852,42,工程师,男
3853,35,设计师,女
3854,34,工程师,女
3855,29,商人,男
3856,23,工程师,男
3857,43,教师,女
3858,44,教师,女
3859,25,设计师,女
3860,36,设计师,女
3861,59,其他,女
3862,18,教师,男
3863,46,教师,男
3864,62,学生,女
3865,52,作家,男
3866,57,自由职业者,男
3867,31,工程师,女
3868,52,医生,男
3869,62,其他,男
3870,37,作家,男
3871,30,自由职业者,女
3872,55,学生,女
3873,63,医生,男
3874,25,设计师,男
3875,60,教师,男
3876,37,商人,男
3877,50,其他,男
3878,43,公务员,男
3879,56,教师,女
3880,38,商人,男
3881,59,自由职业者,男
3882,60,设计师,女
3883,58,医生,男
3884,26,自由职业者,男
3885,41,教师,男
3886,54,教师,男
3887,58,医生,女
3888,34,公务员,男
3889,41,商人,女
3890,38,自由职业者,男
3891,56,设计师,男
3892,58,教师,女
3893,56,自由职业者,男
3894,30,公务员,女
3895,28,自由职业者,女
3896,63,医生,女
3897,36,设计师,男
3898,28,学生,男
3899,30,医生,男
3900,63,自由职业者,男
3901,62,学生,女
3902,18,教师,男
3903,57,学生,男
3904,61,公务员,女
3905,36,工程师,女
3906,29,公务员,男
3907,25,医生,女
3908,25,工程师,女
3909,62,医生,女
3910,29,其他,女
3911,50,设计师,女
3912,62,作家,男
3913,43,教师,男
3914,56,教师,男
3915,45,其他,男
3916,22,自由职业者,男
3917,25,商人,男
3918,42,医生,男
3919,44,作家,女
3920,63,作家,男
3921,40,公务员,男
3922,47,公务员,男
3923,62,商人,女
3924,64,自由职业者,男
3925,40,其他,男
3926,64,学生,女
3927,37,公务员,男
3928,35,自由职业者,男
3929,35,设计师,女
3930,19,教师,男
3931,21,教师,女
3932,47,自由职业者,男
3933,50,商人,男
3934,53,其他,男
3935,35,作家,女
3936,54,商人,女
3937,36,自由职业者,女
3938,64,其他,男
3939,45,其他,男
3940,57,医生,女
3941,37,工程师,女
3942,50,教师,男
3943,29,自由职业者,男
3944,32,作家,男
3945,58,工程师,男
3946,56,设计师,女
3947,19,公务员,男
3948,46,医生,男
3949,58,公务员,男
3950,27,工程师,男
3951,19,工程师,男
3952,28,公务员,男
3953,30,作家,男
3954,27,作家,女
3955,31,学生,女
3956,35,设计师,女
3957,26,作家,男
3958,56,设计师,女
3959,45,设计师,男
3960,20,工程师,男
3961,37,设计师,男
3962,23,医生,男
3963,44,公务员,女
3964,19,学生,男
3965,46,自由职业者,男
3966,55,商人,女
3967,20,学生,女
3968,33,医生,女
3969,47,学生,男
3970,57,设计师,女
3971,19,工程师,男
3972,34,商人,男
3973,58,作家,女
3974,29,工程师,女
3975,52,设计师,女
3976,60,设计师,男
3977,18,商人,男
3978,62,商人,男
3979,32,教师,男
349,43,其他,男
350,54,其他,男
351,38,工程师,女
352,48,作家,男
354,42,学生,女
355,40,设计师,女
356,41,设计师,女
357,55,教师,女
358,45,工程师,女
359,38,工程师,男
360,60,公务员,男
361,35,商人,男
362,53,作家,男
364,52,商人,女
365,62,作家,女
367,26,医生,女
368,55,自由职业者,男
369,47,其他,男
370,61,其他,男
371,51,作家,男
372,49,其他,女
373,20,商人,女
374,20,设计师,男
375,45,商人,男
377,61,作家,女
378,32,工程师,女
379,58,商人,女
380,40,其他,女
381,57,教师,男
382,28,公务员,女
383,49,设计师,女
384,53,其他,女
385,50,教师,女
386,41,作家,男
387,56,医生,男
388,51,教师,男
390,45,自由职业者,男
391,54,医生,男
392,24,学生,男
393,21,设计师,女
394,54,其他,女
395,18,学生,女
396,18,商人,女
397,64,作家,男
398,37,设计师,女
399,36,工程师,男
400,46,医生,女
401,27,工程师,女
402,35,学生,女
403,45,教师,男
404,52,教师,女
405,60,作家,男
406,64,学生,男
407,48,公务员,女
408,44,设计师,男
409,28,医生,男
410,55,教师,女
411,22,教师,女
412,25,工程师,女
413,51,工程师,女
415,29,其他,女
416,55,商人,女
417,18,公务员,男
418,48,工程师,女
419,21,工程师,女
421,62,设计师,男
422,22,其他,女
423,47,工程师,男
424,41,医生,女
425,20,设计师,女
426,28,商人,男
427,62,学生,女
429,21,设计师,男
430,43,学生,女
431,44,教师,女
432,63,其他,男
433,60,商人,女
434,44,其他,女
435,59,商人,男
436,23,其他,女
437,32,设计师,男
438,47,其他,女
439,59,自由职业者,男
440,54,商人,女
441,54,学生,男
442,59,商人,男
443,54,教师,女
444,52,医生,女
445,40,自由职业者,男
446,23,作家,女
447,21,商人,男
448,35,工程师,女
449,26,设计师,女
450,46,设计师,男
451,30,其他,男
452,64,其他,女
453,34,设计师,女
454,62,公务员,女
455,49,自由职业者,女
456,39,自由职业者,女
457,21,学生,男
458,22,商人,女
459,54,作家,女
460,58,设计师,男
461,30,商人,男
462,51,自由职业者,男
463,62,教师,女
464,39,设计师,男
465,40,商人,男
466,20,自由职业者,男
467,59,医生,男
468,51,自由职业者,女
469,49,其他,女
470,62,工程师,女
471,38,公务员,男
472,63,公务员,男
473,61,其他,男
474,38,其他,男
476,61,设计师,男
477,28,医生,男
478,56,医生,女
479,21,设计师,女
480,18,商人,男
481,45,设计师,女
482,41,作家,男
485,52,作家,男
486,30,公务员,女
487,64,自由职业者,男
488,51,设计师,女
489,28,设计师,男
490,53,商人,男
491,34,学生,女
492,52,公务员,男
493,35,公务员,男
494,57,公务员,男
495,39,自由职业者,女
496,41,其他,男
497,36,教师,男
498,54,学生,男
499,56,自由职业者,女
500,38,作家,女
501,25,商人,女
502,45,其他,女
503,22,作家,女
504,34,其他,男
505,54,医生,女
506,53,公务员,女
507,36,其他,男
508,44,工程师,女
509,51,公务员,男
510,28,公务员,女
511,62,商人,男
512,64,学生,男
513,29,作家,女
514,38,其他,女
515,28,其他,男
516,56,医生,男
518,45,公务员,男
519,22,设计师,男
520,34,教师,男
521,37,设计师,男
522,58,其他,男
523,63,设计师,女
524,29,商人,男
525,23,工程师,女
527,34,其他,女
528,36,其他,男
529,43,工程师,男
530,61,作家,女
531,61,工程师,男
532,49,设计师,男
533,23,商人,女
534,53,医生,女
535,55,作家,女
536,28,自由职业者,男
537,50,医生,男
539,41,学生,女
540,40,学生,男
541,32,学生,女
542,44,学生,男
543,28,商人,女
544,34,医生,男
545,31,公务员,女
546,44,教师,男
547,35,作家,男
548,45,自由职业者,女
549,64,设计师,男
550,64,其他,男
551,21,学生,女
552,24,自由职业者,男
553,62,其他,男
554,52,教师,男
555,26,自由职业者,女
556,25,医生,女
557,62,自由职业者,女
558,34,学生,女
559,34,教师,女
560,50,设计师,男
561,49,公务员,男
562,25,工程师,女
564,36,学生,男
565,55,其他,男
568,20,教师,男
569,22,医生,男
570,30,商人,女
571,64,教师,女
572,63,其他,男
3980,48,工程师,男
3981,33,工程师,女
3982,49,作家,男
3983,39,公务员,男
3984,46,其他,男
3985,39,工程师,女
3986,60,作家,女
3987,20,作家,男
3988,27,作家,男
3989,59,教师,男
3990,38,作家,男
3991,33,学生,男
3992,29,其他,男
3993,19,学生,女
3994,58,商人,女
3995,41,工程师,男
594,52,公务员,女
3996,47,作家,男
3997,47,医生,男
3998,64,医生,女
3999,52,工程师,女
4000,36,商人,男
4001,25,医生,男
4002,43,学生,女
4003,57,自由职业者,女
4004,24,教师,男
4005,47,设计师,男
4006,24,医生,男
4007,20,公务员,女
4008,18,作家,男
4009,53,公务员,女
4010,42,其他,男
4011,54,教师,女
4012,18,学生,女
4013,32,商人,女
4014,54,教师,女
4015,30,设计师,男
4016,57,自由职业者,女
4017,25,医生,女
4018,22,商人,女
4019,26,商人,男
4020,18,医生,男
4021,53,医生,男
4022,52,医生,男
4023,19,医生,男
4024,57,医生,男
4025,40,商人,女
4026,26,工程师,女
4027,51,工程师,女
4028,63,公务员,男
4029,31,工程师,女
4030,21,设计师,女
4031,47,工程师,男
4032,48,商人,女
4033,55,医生,男
4034,28,作家,女
4035,52,作家,男
4036,25,设计师,男
4037,20,其他,男
4038,31,商人,女
573,30,学生,女
574,62,教师,男
575,49,公务员,男
576,51,学生,女
577,62,商人,女
578,36,工程师,男
579,55,医生,女
581,33,学生,女
582,19,教师,女
583,57,其他,男
584,34,作家,男
585,51,其他,女
586,59,教师,男
587,33,医生,女
588,55,工程师,女
589,19,教师,男
590,19,公务员,男
591,43,教师,男
592,30,商人,女
593,64,工程师,女
595,48,医生,男
597,51,作家,男
598,56,作家,男
599,20,教师,女
600,25,商人,女
602,40,学生,女
603,31,其他,男
604,44,其他,男
605,46,其他,女
607,56,学生,男
608,56,商人,男
609,18,其他,男
610,34,公务员,男
611,58,学生,女
612,47,学生,男
613,30,医生,女
614,38,医生,女
615,36,工程师,男
616,36,公务员,女
617,42,公务员,女
618,39,工程师,男
619,48,公务员,女
620,34,设计师,女
621,40,自由职业者,女
622,49,其他,女
623,27,医生,女
624,27,工程师,女
625,53,工程师,女
626,25,公务员,女
627,37,学生,男
628,49,作家,男
630,31,教师,男
631,45,教师,女
632,63,工程师,女
633,41,其他,女
634,32,设计师,男
635,39,其他,男
636,47,工程师,男
638,21,其他,女
639,30,医生,男
640,40,其他,男
642,25,公务员,女
643,35,公务员,男
644,29,设计师,女
645,48,医生,男
646,31,作家,女
647,51,学生,女
648,35,医生,女
650,51,商人,女
652,28,自由职业者,女
653,58,工程师,男
654,29,商人,女
655,32,设计师,女
656,48,商人,女
657,46,公务员,女
658,43,其他,男
659,35,学生,女
660,49,教师,男
661,39,工程师,女
662,55,教师,女
663,34,其他,男
664,40,公务员,男
665,41,公务员,男
666,25,其他,女
667,58,工程师,男
668,23,教师,女
669,22,医生,男
670,61,公务员,男
671,46,教师,女
672,45,作家,男
673,28,教师,男
674,18,作家,女
675,60,作家,女
676,36,公务员,女
677,26,工程师,男
678,44,设计师,男
679,51,公务员,男
680,61,工程师,男
681,21,工程师,男
682,53,商人,女
683,35,其他,男
684,32,其他,女
685,30,其他,男
686,36,自由职业者,女
687,23,公务员,男
688,29,工程师,男
689,54,商人,女
690,34,作家,男
691,40,设计师,女
692,43,设计师,男
693,46,作家,男
694,50,教师,女
695,44,教师,男
696,42,其他,女
697,27,公务员,男
699,64,自由职业者,男
700,40,商人,男
701,38,设计师,男
702,38,其他,男
703,60,学生,男
704,30,其他,男
705,54,学生,女
706,50,医生,男
707,41,工程师,男
708,61,作家,男
709,28,工程师,女
710,34,其他,女
711,21,工程师,男
712,64,商人,男
713,42,医生,男
714,47,自由职业者,女
715,26,医生,男
716,38,设计师,女
717,37,商人,男
718,36,工程师,女
719,36,自由职业者,女
720,29,工程师,男
721,54,公务员,男
722,59,公务员,男
723,34,教师,男
724,54,医生,男
725,56,自由职业者,男
726,45,公务员,男
727,58,教师,女
728,52,商人,男
729,64,自由职业者,男
730,35,教师,女
731,31,作家,男
732,52,自由职业者,男
733,61,其他,男
734,58,教师,男
735,24,工程师,女
736,58,其他,女
737,30,作家,男
738,35,公务员,男
739,54,学生,女
740,30,教师,男
741,53,商人,女
742,48,教师,女
743,19,学生,女
744,33,作家,男
745,26,作家,男
746,26,其他,男
747,55,自由职业者,女
748,28,商人,男
749,39,其他,男
750,50,商人,女
751,53,商人,男
752,62,学生,男
753,40,其他,男
754,62,商人,女
755,62,设计师,男
756,51,学生,女
757,26,作家,女
758,41,学生,女
759,25,工程师,男
760,24,工程师,男
761,53,商人,男
762,35,其他,女
763,20,作家,女
764,45,学生,男
765,23,其他,女
766,61,学生,男
767,61,学生,男
768,38,设计师,男
769,45,工程师,男
770,57,学生,男
771,18,设计师,男
772,53,工程师,男
773,38,设计师,女
774,60,其他,男
775,52,自由职业者,女
776,30,工程师,女
777,27,公务员,男
778,61,自由职业者,女
779,64,其他,女
780,27,学生,女
781,63,作家,男
782,30,其他,男
783,54,设计师,男
784,55,设计师,男
785,41,设计师,男
786,19,设计师,女
787,39,其他,女
788,34,作家,男
789,53,教师,女
790,31,设计师,女
791,27,教师,女
792,52,作家,女
793,42,作家,男
794,20,自由职业者,男
795,64,工程师,男
796,55,公务员,女
797,34,商人,女
798,29,公务员,男
799,41,其他,男
800,46,商人,女
801,60,作家,男
802,42,公务员,男
803,53,医生,女
804,43,工程师,女
805,55,公务员,男
806,18,工程师,女
807,37,教师,男
808,45,其他,女
809,33,工程师,女
810,64,教师,男
811,34,设计师,女
812,57,教师,男
813,45,其他,女
814,29,自由职业者,男
815,44,设计师,女
816,59,作家,女
817,64,学生,男
818,47,教师,女
819,58,教师,男
820,51,工程师,女
821,54,作家,女
822,23,公务员,男
823,24,医生,女
824,49,商人,女
825,49,教师,男
826,42,公务员,女
827,50,医生,男
828,24,商人,男
829,29,学生,男
830,33,工程师,女
831,33,公务员,女
832,60,工程师,男
833,53,商人,女
834,30,自由职业者,男
835,24,教师,女
836,53,设计师,男
837,64,医生,男
838,26,作家,女
839,49,其他,男
840,28,教师,男
841,25,设计师,女
842,50,其他,男
843,40,公务员,男
844,42,其他,女
845,25,学生,男
846,62,教师,男
847,39,工程师,男
848,21,自由职业者,男
849,57,作家,男
850,20,工程师,男
851,46,设计师,男
852,58,教师,男
853,46,自由职业者,女
854,51,其他,男
855,51,教师,男
856,45,其他,女
858,30,公务员,男
859,32,学生,男
861,40,商人,男
863,61,教师,男
864,43,设计师,男
865,21,其他,男
866,43,工程师,女
867,57,公务员,女
868,26,设计师,女
869,22,作家,女
870,49,商人,女
871,37,公务员,男
872,28,学生,男
873,32,商人,男
874,49,其他,男
875,45,设计师,男
876,39,作家,女
877,58,医生,女
878,34,学生,男
879,43,自由职业者,男
880,61,其他,男
881,24,医生,女
882,59,教师,女
883,43,作家,男
884,42,工程师,女
885,27,自由职业者,男
886,62,设计师,女
887,36,作家,女
888,28,商人,男
889,30,公务员,女
890,25,商人,女
891,57,商人,男
892,21,教师,女
893,64,学生,男
894,48,工程师,女
895,45,自由职业者,男
10000,35,教师,男
10001,65,工程师,男
10002,58,其他,女
10003,65,公务员,女
10004,38,医生,男
10005,57,教师,男
10006,55,设计师,女
10007,46,公务员,男
10008,46,其他,女
10009,25,商人,男
10010,45,作家,男
10011,35,作家,男
10012,60,教师,男
10013,21,设计师,男
10014,42,自由职业者,男
10015,35,商人,女
10016,29,公务员,男
10017,53,作家,男
10018,61,商人,男
10019,20,作家,女
10020,51,其他,男
10021,64,工程师,女
10022,50,商人,女
10023,58,工程师,男
10024,33,设计师,女
10025,21,医生,女
10026,35,其他,女
10027,50,工程师,男
10028,23,其他,女
10029,24,作家,女
10030,33,学生,女
10031,52,教师,女
10032,45,教师,女
10033,45,自由职业者,女
10034,47,自由职业者,女
10035,38,学生,男
10036,60,学生,女
10037,56,自由职业者,男
10038,23,教师,女
10039,65,其他,女
10040,49,教师,女
10041,18,作家,女
10042,29,医生,男
10043,55,设计师,女
10044,49,设计师,女
10045,44,教师,男
10046,19,其他,男
10047,29,设计师,女
10048,47,设计师,女
10049,20,教师,男
10050,54,作家,男
10051,50,教师,男
10052,61,作家,男
10053,55,商人,男
10054,59,商人,男
10055,33,医生,女
10056,41,作家,男
10057,26,公务员,女
10058,41,教师,女
10059,34,其他,女
10060,19,医生,男
10061,41,公务员,女
10062,30,学生,女
10063,28,公务员,女
10064,21,学生,女
10065,40,设计师,女
10066,31,自由职业者,男
10067,36,自由职业者,男
10068,65,商人,女
10069,29,设计师,女
10070,37,工程师,男
10071,21,设计师,女
10072,60,自由职业者,男
10073,23,工程师,男
10074,21,自由职业者,男
10075,43,学生,男
10076,40,学生,男
10077,20,公务员,男
10078,39,商人,女
10079,38,其他,男
10080,60,设计师,男
10081,61,工程师,男
10082,61,公务员,女
10083,45,作家,男
10084,22,学生,男
10085,47,学生,男
10086,37,医生,女
10087,63,设计师,女
10088,62,工程师,女
10089,56,设计师,男
10090,47,其他,男
10091,53,学生,女
10092,19,学生,男
10093,34,工程师,女
10094,59,设计师,女
10095,62,工程师,女
10096,55,学生,男
10097,56,医生,女
10098,38,商人,女
10099,37,其他,男
10100,52,其他,男
10101,61,医生,男
10102,45,医生,女
10103,47,医生,男
10104,39,商人,男
10105,55,商人,女
10106,32,学生,女
10107,53,设计师,女
10108,21,商人,女
10109,39,工程师,女
10110,55,工程师,男
10111,39,其他,男
10112,19,医生,女
10113,44,作家,男
10114,23,作家,女
10115,39,其他,男
10116,32,教师,男
10117,19,工程师,男
10118,33,作家,女
10119,20,工程师,男
10120,34,学生,男
10121,51,工程师,女
10122,22,设计师,男
10123,61,商人,男
10124,62,设计师,男
10125,53,其他,男
10126,48,学生,女
10127,20,自由职业者,女
10128,35,公务员,女
10129,46,自由职业者,男
10130,63,其他,女
10131,62,学生,男
10132,43,作家,女
10133,64,医生,男
10134,49,自由职业者,女
10135,21,商人,女
10136,57,教师,女
10137,19,作家,男
10138,30,自由职业者,女
10139,50,商人,男
10140,55,学生,女
10141,45,学生,女
10142,34,自由职业者,女
10143,59,其他,男
10144,56,自由职业者,男
10145,36,学生,女
10146,63,工程师,女
10147,34,学生,男
10148,38,设计师,男
10149,22,公务员,男
10150,51,自由职业者,女
10151,21,作家,男
10152,20,工程师,女
10153,60,学生,女
10154,59,医生,男
10155,35,作家,女
10156,33,设计师,女
10157,58,公务员,女
10158,34,商人,男
10159,54,自由职业者,男
10160,54,其他,女
10161,20,工程师,男
10162,21,商人,男
10163,46,商人,女
10164,23,公务员,女
10165,50,工程师,男
10166,50,作家,女
10167,39,作家,女
10168,49,学生,男
10169,44,教师,男
10170,28,医生,男
10171,25,其他,男
10172,50,医生,男
10173,57,商人,女
10174,57,自由职业者,女
10175,19,其他,男
10176,30,医生,女
10177,33,学生,男
10178,36,设计师,男
10179,39,工程师,女
10180,35,商人,女
10181,19,商人,女
10182,18,工程师,男
10183,34,其他,男
10184,54,自由职业者,女
10185,65,工程师,女
10186,56,教师,女
10187,42,医生,男
10188,51,医生,女
10189,19,学生,女
10190,41,自由职业者,女
10191,43,设计师,男
10192,20,医生,男
10193,52,其他,女
10194,58,医生,男
10195,55,设计师,女
10196,45,作家,男
10197,33,商人,女
10198,52,商人,男
10199,30,其他,男
10200,39,学生,女
10201,36,教师,男
10202,55,公务员,男
10203,56,商人,女
10204,45,教师,女
10205,63,自由职业者,女
10206,38,学生,男
10207,52,工程师,女
10208,49,医生,女
10209,27,医生,女
10210,28,学生,男
10211,28,学生,女
10212,30,商人,女
10213,24,设计师,男
10214,59,作家,女
10215,35,设计师,女
10216,57,教师,男
10217,29,其他,女
10218,56,自由职业者,男
10219,38,其他,男
10220,47,自由职业者,男
10221,49,其他,男
10222,56,公务员,男
10223,54,学生,男
10224,29,公务员,女
10225,20,作家,女
10226,42,商人,女
10227,52,医生,女
10228,28,自由职业者,男
10229,40,教师,男
10230,29,医生,女
10231,23,作家,女
10232,51,公务员,男
10233,40,设计师,男
10234,30,作家,男
10235,60,其他,男
10236,57,教师,男
10237,60,设计师,男
10238,63,公务员,男
10239,38,设计师,男
10240,24,设计师,女
10241,61,工程师,女
10242,43,商人,女
10243,51,学生,男
10244,64,作家,女
10245,26,作家,女
10246,30,自由职业者,男
10247,22,工程师,男
10248,32,教师,男
10249,49,教师,女
10250,28,学生,男
10251,60,设计师,男
10252,56,公务员,女
10253,35,自由职业者,男
10254,61,医生,男
10255,29,教师,女
10256,37,自由职业者,女
10257,25,教师,女
10258,65,商人,男
10259,27,工程师,女
10260,55,自由职业者,女
10261,20,教师,男
10262,36,商人,女
10263,21,学生,女
10264,43,学生,女
10265,46,学生,男
10266,53,商人,女
10267,40,公务员,男
10268,65,工程师,男
10269,26,学生,男
10270,63,商人,男
10271,48,工程师,男
10272,41,设计师,男
10273,52,学生,女
10274,18,作家,女
10275,45,作家,女
10276,26,工程师,男
10277,27,医生,男
10278,44,自由职业者,男
10279,56,其他,男
10280,22,作家,男
10281,64,教师,女
10282,21,教师,女
10283,30,公务员,女
10284,42,自由职业者,女
10285,36,公务员,女
10286,43,工程师,男
10287,21,设计师,女
10288,43,自由职业者,女
10289,53,商人,男
10290,55,自由职业者,男
10291,61,商人,女
10292,60,教师,女
10293,61,工程师,男
10294,51,医生,女
10295,42,公务员,男
10296,52,设计师,女
10297,45,教师,女
10298,22,公务员,女
10299,28,设计师,男
10300,56,医生,男
10301,25,自由职业者,男
10302,46,自由职业者,男
10303,19,教师,男
10304,34,其他,男
10305,26,商人,男
10306,46,学生,男
10307,19,自由职业者,女
10308,39,工程师,女
10309,28,教师,女
10310,53,自由职业者,女
10311,18,医生,男
10312,31,设计师,女
10313,48,作家,女
10314,32,自由职业者,女
10315,62,自由职业者,男
10316,60,公务员,女
10317,59,自由职业者,女
10318,60,自由职业者,男
10319,60,作家,男
10320,24,其他,女
10321,23,学生,男
10322,50,工程师,男
10323,42,学生,女
10324,24,工程师,男
10325,59,自由职业者,男
10326,31,作家,女
10327,38,医生,男
10328,43,作家,女
10329,39,公务员,男
10330,53,其他,女
10331,38,医生,女
10332,28,工程师,男
10333,42,自由职业者,男
10334,53,其他,女
10335,30,商人,女
10336,49,医生,女
10337,46,工程师,女
10338,32,自由职业者,女
10339,25,教师,男
10340,35,其他,女
10341,29,医生,女
10342,28,学生,女
10343,36,作家,女
10344,18,作家,女
10345,50,公务员,女
10346,51,作家,男
10347,35,工程师,女
10348,45,医生,女
10349,59,教师,男
10350,26,其他,男
10351,37,设计师,女
10352,54,自由职业者,男
10353,35,公务员,女
10354,21,其他,男
10355,38,设计师,男
10356,26,教师,男
10357,22,其他,女
10358,48,教师,男
10359,24,作家,男
10360,58,作家,男
10361,34,医生,男
10362,36,设计师,女
10363,25,自由职业者,女
10364,35,其他,男
10365,45,其他,男
10366,36,自由职业者,女
10367,46,教师,男
10368,56,教师,女
10369,32,其他,男
10370,49,医生,女
10371,36,作家,男
10372,29,商人,男
10373,31,工程师,女
10374,52,作家,女
10375,19,其他,男
10376,58,学生,男
10377,31,其他,女
10378,26,作家,女
10379,31,作家,女
10380,21,其他,男
10381,58,设计师,男
10382,44,设计师,女
10383,23,学生,女
10384,59,自由职业者,女
10385,23,医生,女
10386,23,教师,男
10387,32,作家,女
10388,45,自由职业者,男
10389,42,作家,女
10390,27,学生,男
10391,27,作家,男
10392,47,商人,男
10393,31,自由职业者,女
10394,48,工程师,男
10395,63,商人,女
10396,58,公务员,男
10397,23,商人,男
10398,51,教师,女
10399,64,自由职业者,女
10400,62,医生,女
10401,65,设计师,男
10402,33,医生,女
10403,49,教师,女
10404,51,教师,男
10405,63,自由职业者,女
10406,52,公务员,男
10407,62,商人,男
10408,27,自由职业者,男
10409,60,医生,女
10410,59,教师,男
10411,28,商人,女
10412,26,学生,女
10413,32,教师,女
10414,61,学生,女
10415,63,商人,女
10416,43,商人,男
10417,22,医生,男
10418,64,学生,女
10419,49,医生,女
10420,41,公务员,男
10421,39,公务员,女
10422,59,公务员,男
10423,26,其他,男
10424,59,公务员,男
10425,21,医生,女
10426,42,医生,女
10427,59,教师,女
10428,64,作家,女
10429,44,工程师,男
10430,42,教师,男
10431,37,学生,女
10432,46,作家,女
10433,40,学生,女
10434,41,商人,男
10435,21,公务员,女
10436,42,作家,男
10437,45,其他,女
10438,29,工程师,男
10439,58,医生,男
10440,59,其他,男
10441,45,学生,男
10442,47,其他,男
10443,25,教师,女
10444,37,作家,女
10445,49,其他,女
10446,20,作家,男
10447,26,学生,男
10448,40,作家,男
10449,32,公务员,男
10450,54,自由职业者,男
10451,51,医生,女
10452,42,医生,女
10453,31,其他,男
10454,65,工程师,女
10455,61,医生,男
10456,65,医生,女
10457,45,商人,女
10458,30,教师,女
10459,23,公务员,男
10460,60,医生,女
10461,56,工程师,男
10462,21,设计师,女
10463,18,自由职业者,女
10464,36,医生,男
10465,51,作家,男
10466,25,教师,女
10467,42,工程师,男
10468,43,学生,男
10469,60,学生,女
10470,64,作家,男
10471,29,商人,男
10472,63,设计师,男
10473,40,其他,男
10474,55,自由职业者,女
10475,34,公务员,女
10476,19,公务员,男
10477,58,设计师,女
10478,30,工程师,女
10479,34,自由职业者,男
10480,42,公务员,女
10481,19,学生,女
10482,61,自由职业者,男
10483,52,教师,女
10484,55,医生,女
10485,27,学生,女
10486,37,教师,女
10487,32,自由职业者,男
10488,56,学生,男
10489,56,设计师,男
10490,24,自由职业者,女
10491,50,工程师,女
10492,62,作家,男
10493,30,作家,女
10494,65,设计师,男
10495,29,商人,男
10496,56,医生,女
10497,63,其他,女
10498,18,工程师,女
10499,37,自由职业者,女
